CIUDAD;NOMBRE OFICINA;DIRECCIÓN;INDICATIVO;Tel 1;Tel 2;Tel 3;Tel 4;Tel 5;HORARIO LUNES A VIERNES  Y FIN DE MES;HORARIO ADICIONAL LUNES A VIERNES;SÁBADO;zipcode;lat;lon;Num_Eventos
ACACIAS;ACACIAS;CARRERA 18 No. 12-16;8;6567259;6568035;NA;NA;NA;8:00 a.m a 11:30 a.m - 2:00 p.m a  4:30 p.m;NA;NA;507001;3,9846721;-73,7623894;0
AGUACHICA;AGUACHICA;CALLE 5 no. 21 - 41;5;5653968;5655653;NA;NA;NA;8:00 a.m a 11:30 a.m - 2:00 p.m a  4:30 p.m;NA;NA;NA;8,3096972;-73,61348;5
AGUAZUL;AGUAZUL;CARRERA 17 No. 10-68;8;6384496;6382194;NA;NA;NA;8:00 a.m a 11:30 a.m - 2:00 p.m a  4:30 p.m;NA;NA;NA;5,1712087;-72,5498297;0
ALBANIA;AGENCIA ALBANIA;PLAZA PRINCIPAL DE ALBANIA;5;7774193;NA;NA;NA;NA;8:00 a.m a 11:30 a.m - 2:00 p.m a  4:30 p.m;NA;NA;NA;11,160651;-72,591907;1
ALBANIA;ALBANIA;CARRERA 12 CALLE 7 Y 8 AVENIDA FERROCARRIL;5;7774193;7774454;NA;NA;NA;8:00 a.m a 11:30 a.m - 2:00 p.m a  4:30 p.m;NA;NA;NA;11,160651;-72,591907;1
APARTADÓ;APARTADO;CARRERA 100 No. 94-38;4;8280327;8281671;8285219;NA;NA;8:00 a.m a 11:30 a.m - 2:00 p.m a  4:30 p.m;NA;NA;NA;7,8799716;-76,6333145;0
ARAUCA;ARAUCA;CARRERA 21 No. 19- 20;7;8852129;8852089;8852240;NA;NA;8:00 a.m a 11:30 a.m - 2:00 p.m a  4:30 p.m;NA;NA;NA;7,0841896;-70,7579917;0
ARAUQUITA;AGENCIA ARAUQUITA;CALLE 3 RA No. 4-47;7;8835492;8836587;NA;NA;NA;8:00 a.m a 11:30 a.m - 2:00 p.m a  4:30 p.m;NA;NA;NA;7,029334;-71,4294759;0
ARMENIA;ARMENIA CENTRO;CARRERA 16 No.19-61;6;7368902;NA;NA;NA;NA;8:00 a.m a 11:30 a.m - 2:00 p.m a  4:30 p.m;5:30 p.m a 7:00 p.m;9:00 a.m a 1:00 p.m;NA;4,5340736;-75,6737144;0
ARMENIA;ARMENIA NORTE;CARRERA 14 No. 16 NORTE-47 AVENIDA BOLIVAR;6;7368904;NA;NA;NA;NA;8:00 a.m a 11:30 a.m - 2:00 p.m a  4:30 p.m;NA;NA;630004;4,5412905;-75,6641917;0
ARMENIA;BBVA CARRERA 13 ARMENIA;CARRERA 13 NO. 16 - 53/55;6;7368903;NA;NA;NA;NA;8:00 a.m a 11:30 a.m - 2:00 p.m a  4:30 p.m;NA;NA;NA;4,533936;-75,6708967;0
ARMENIA;CENTRO COMERCIAL CALIMA ARMENIA;AVENIDA CENTENARIO No. 3 -180 LOCAL - 1-21;6;7368905;NA;NA;NA;NA;8:00 a.m a 11:30 a.m - 2:00 p.m a  4:30 p.m;NA;NA;NA;4,5419107;-75,6592967;0
BARBOSA;BARBOSA;CARRERA 9 No. 8-52;7;7486173;7485464;7482480;NA;NA;8:00 a.m a 11:30 a.m - 2:00 p.m a  4:30 p.m;NA;NA;NA;5,9308856;-73,6177839;0
BARRANCABERMEJA;SAN SILVESTRE;CARRERA 19 CON AVENIDA 58A LOCAL 140-144;7;6855035;NA;NA;NA;NA;09:00 a.m. a 04:30 p.m.;Lunes a viernes::  05:30 p.m. a 07:00 p.m.;9:00 a.m. a 1:00 p.m.;NA;7,067286;-73,857952;0
BARRANCABERMEJA;BARRANCABERMEJA;TRANVERSAL 6 No. 6B - 99 EDIFICIO LA TORA;7;6855036;NA;NA;NA;NA;8:00 a.m a 11:30 a.m - 2:00 p.m a  4:30 p.m;Lunes a viernes: 5:30 p.m. a 7:00 p.m.;9:00 a.m a 1:00 p.m;NA;7,0604034;-73,8696137;5
BARRANCABERMEJA;EL PARQUE;Calle 49 No. 16-69;7;6855037;NA;NA;NA;NA;8:00 a.m a 11:30 a.m - 2:00 p.m a  4:30 p.m;NA;NA;NA;7,0595147;-73,8608623;0
BARRANCAS;BARRANCAS;CALLE 9 No. 6-60;5;7748116;7748078;7748271;NA;NA;8:00 a.m a 11:30 a.m - 2:00 p.m a  4:30 p.m;NA;NA;NA;10,9551137;-72,7874004;0
BARRANQUILLA;ALTO PRADO;CARRERA 51 B- No. 76-137;5;3770125;NA;NA;NA;NA;8:00 a.m a 11:30 a.m - 2:00 p.m a  4:30 p.m;NA;NA;80020;11,002099;-74,8076228;8
BARRANQUILLA;BANCA PERSONAL BARRANQUILLA;CALLE 82 No. 55-55 Local 3-06;5;3770145;NA;NA;NA;NA;8:00 a.m a 11:30 a.m - 2:00 p.m a  4:30 p.m;NA;NA;NA;11,0083221;-74,8119313;0
BARRANQUILLA;CALLE 76;CARRERA 50 No. 76-04;5;3770126;NA;NA;NA;NA;8:00 a.m a 11:30 a.m - 2:00 p.m a  4:30 p.m;NA;NA;80020;11,0004865;-74,8082585;8
BARRANQUILLA;CALLE 84;CARRERA 51B No. 85 ESQUINA, EDIFICIO TORRES DE CALÁBRIA LOCAL 109.;5;3770127;NA;NA;NA;NA;8:00 a.m a 11:30 a.m - 2:00 p.m a  4:30 p.m;NA;NA;80020;11,0031222;-74,810525;8
BARRANQUILLA;CARRERA 43;CARRERA 43 No. 76-85;5;3770142;NA;NA;NA;NA;8:00 a.m a 11:30 a.m - 2:00 p.m a  4:30 p.m;NA;NA;80020;10,9944496;-74,8123156;0
BARRANQUILLA;CENTRO COMERCIAL BUENAVISTA;"CALLE 99 ENTRE CARRRERA 52 Y 53 CENTRO COMERCIAL
BUENAVISTA II LOCALES 402, 403 Y 404";5;3770151;NA;NA;NA;NA;8:30 a.m a 12:00 m y 02:00 p.m a 04:30 p.m.;NA;NA;80020;11,0051329;-74,8099307;8
BARRANQUILLA;EL PRADO;CARRERA 52 No. 74-28;5;3770129;NA;NA;NA;NA;8:00 a.m a 11:30 a.m - 2:00 p.m a  4:30 p.m;NA;NA;80020;10,999465;-74,8045045;0
BARRANQUILLA;EL VIVERO;CALLE 77 No. 66-30;5;3770130;NA;NA;NA;NA;8:00 a.m a 11:30 a.m - 2:00 p.m a  4:30 p.m;NA;NA;80001;11,0099443;-74,7998638;0
BARRANQUILLA;GRANCENTRO;CARRERA 53 No. 68 B-125 LOCAL 1-111;5;3770139;NA;NA;NA;NA;8:00 a.m a 11:30 a.m - 2:00 p.m a  4:30 p.m;NA;8:00 a.m a 12:00 m.;80002;10,9966662;-74,7996023;0
BARRANQUILLA;GRAN BOULEVARD;CALLE 106 No. 50-67 LOCAL 1;5;3770131;NA;NA;NA;NA;8:00 a.m a 11:30 a.m - 2:00 p.m a  4:30 p.m;NA;NA;80020;10,998554;-74,817749;0
BARRANQUILLA;GREEN TOWERS;Calle 77B No. 57-103 L 6-7 Centro Empresarial Green Towers;5;3770144;NA;NA;NA;NA;8:00 a.m a 11:30 a.m - 2:00 p.m a  4:30 p.m;NA;NA;80001;11,0058985;-74,8030962;0
BARRANQUILLA;METROPOLITANO;CARRERA . 28 NO 58-128 SOLEDAD ATL.;5;3770133;NA;NA;NA;NA;8:30 a.m a 12:00 m. - 2:00 p.m a  4:30 p.m;NA;8:30 a.m a 12:30 p.m;NA;10,92404;-74,797326;0
BARRANQUILLA;MURILLO;CARRERA 45 Nº 42-63;5;3770140;NA;NA;NA;NA;8:00 a.m a 11:30 a.m - 2:00 p.m a  4:30 p.m;NA;8:00 a.m a 12:00 m;80003;10,9857787;-74,7831929;2
BARRANQUILLA;PASEO BOLIVAR;CALLE 34 No. 43-75;5;3770134;NA;NA;NA;NA;8:00 a.m a 11:30 a.m - 2:00 p.m a  4:30 p.m;NA;8:00 a.m a 12:00 m.;80003;10,9818058;-74,7780145;0
BARRANQUILLA;SAN FRANCISCO;CARRERA 38 No. 71-54;5;3770135;NA;NA;NA;NA;8:00 a.m a 11:30 a.m - 2:00 p.m a  4:30 p.m;NA;NA;NA;10,9851911;-74,8102429;3
BARRANQUILLA;CENTRO COMERCIAL UNICO BARRANQUILLA;CALLE 74 No. 38 D - 113 Local 4B;5;3770128;NA;NA;NA;NA;8:00 a.m a 11:30 a.m - 2:00 p.m a  4:30 p.m;NA;NA;80020;11,0051329;-74,8099307;8
BELLO;BELLO;CALLE 50 No. 49-21;4;5402533;NA;NA;NA;NA;8:00 a.m a 11:30 a.m - 2:00 p.m a  4:30 p.m;NA;NA;NA;6,3346229;-75,5580625;5
BELLO;PUERTA DEL NORTE;DIAGONAL 55 No. 34 -67 Local 2 - 082;4;5400525;NA;NA;NA;NA;9:00 a.m a 4:30 p.m;NA;NA;51050;6,3404874;-75,5426032;0
BOGOTA;BARRIO RESTREPO;CALLE 15 SUR No. 20-23;1;3808130;NA;NA;NA;NA;9:00 a.m a 4:00 p.m;NA;NA;111511;4,5877247;-74,1008122;6
BOGOTA;BARRIO SANTANDER;AVENIDA 1ª DE MAYO No. 29d - 45 Av 1 de Mayo No. 29d-45;1;3808098;NA;NA;NA;NA;9:00 a.m a 4:00 p.m;NA;NA;NA;4,5704865;-74,0886079;0
BOGOTA;CARVAJAL;AVENIDA 1 DE MAYO No. 69C-04;1;3808102;NA;NA;NA;NA;9:00 a.m a 4:00 p.m;NA;NA;110831;4,6146762;-74,1358729;8
BOGOTA;PRIMERO DE MAYO;CARRERA 10 No. 20-08 SUR;1;5528794;NA;NA;NA;NA;9:00 a.m a 4:00 p.m;NA;NA;110311;4,6077422;-74,073126;0
BOGOTA;CENTRO MAYOR;"TRASNVERSAL 35 No 38 A- 20 SUR Local LM 05 - 06 2 Piso - Centro
Comercial Centro Mayor";1;3808104;NA;NA;NA;NA;"9:00 a.m a 4:00 p.m
L- V (Primeros 3 dias habiles y últimos 2 días hábiles del mes) 8:00 a.m a 4:00 p.m";NA;NA;NA;4,5921286;-74,1238635;1
BOGOTA;ALCAZARES;CARRERA 24 No. 77 - 48/52;1;3808172;NA;NA;NA;NA;9:00 a.m a 4:00 p.m;NA;NA;Colombia;4,6676383;-74,0640907;0
BOGOTA;ANTIGUO COUNTRY;CALLE 85 No. 18 - 24;1;3808157;NA;NA;NA;NA;9:00 a.m a 4:00 p.m;NA;NA;110221;4,6709845;-74,0570643;0
BOGOTA;CAFAM FLORESTA;Avenida Calle 68 No 90-88 Local 2 - 062 - A.;1;3808160;NA;NA;NA;NA;9:00 a.m. a 4:00 p.m.;NA;NA;NA;4,6861552;-74,0743383;0
BOGOTA;EL POLO;CALLE 86A No. 27-24;1;5528798;NA;NA;NA;NA;Lunes a viernes:09:00  a.m a 4:00 p.m (Primeros 3 día hábiles del mes) 8:00 a.m a 4:00 p.m;NA;NA;111211;4,6753243;-74,063812;0
BOGOTA;EXT. DE CAJA ESCUELA JOSÉ MARÍA CORDOBA;CALLE 80 No. 38-22;1;5527764;NA;NA;NA;NA;9:00 a.m a 4:00 p.m;NA;NA;111211;4,6773102;-74,0728838;0
BOGOTA;SIETE DE AGOSTO;CARRERA 24 NO- 67-25;1;3808129;NA;NA;NA;NA;9:00 a.m a 4:00 p.m;NA;NA;NA;4,6584843;-74,0701446;0
BOGOTA;BOSA;Calle 65 Sur No. 79C- 05;1;5528775;NA;NA;NA;NA;9:00 a.m a 4:00 p.m;NA;NA;110741;4,6063071;-74,1842516;3
BOGOTA;CONGRESO DE LA REPÚBLICA;CARRERA 7 No.- 8-68;1;3808153;NA;NA;NA;NA;9:00 a.m a 4:00 p.m;NA;NA;111711;4,5961439;-74,0763953;4
BOGOTA;PRINCIPAL;CARRERA 8 No. 12B-42 PISO 1;1;3808132;NA;NA;NA;NA;9:00 a.m a 4:00 p.m;NA;NA;Colombia;4,6008909;-74,0748779;0
BOGOTA;AVENIDA CHILE;CARRERA 9 No. 72-35;1;3438376;NA;NA;NA;NA;9:00 a.m a 4:00 p.m;NA;NA;NA;4,6565556;-74,0568745;0
BOGOTA;CALLE 97;CALLE 97 No. 23-37 L 101-102;1;3808100;NA;NA;NA;NA;9:00 a.m a 4:00 p.m;NA;NA;Colombia;4,6845939;-74,0569992;9
BOGOTA;CALLE CIEN;CARRERA 15 No. 98-30;1;3808138;NA;NA;NA;NA;9:00 a.m a 4:00 p.m;NA;NA;110221;4,6832569;-74,0484205;0
BOGOTA;CENTRO 93;CARRERA 15 No. 93-61;1;3808139;NA;NA;NA;NA;9:00 a.m a 4:00 p.m;NA;NA;110221;4,6775353;-74,0517484;0
BOGOTA;CENTRO ANDINO;CARRERA 11 No. 82-51 LOCAL 109;1;5528797;NA;NA;NA;NA;9:00 a.m a 4:00 p.m;5:30 p.m a 7:00 p.m;10:00 a.m a 3:00 p.m;NA;4,6668663;-74,052685;3
BOGOTA;CENTRO COMERCIAL AVENIDA CHILE;CALLE 72 No. 10-34 LOCAL 137;1;5528785;NA;NA;NA;NA;9:00 a.m a 4:00 p.m;5:30 p.m a 7:00 p.m;09:00 a.m a 2:00 p.m;NA;4,727112;-74,064605;0
BOGOTA;CHAPINERO;CARRERA 13 No. 63-39;1;3808106;NA;NA;NA;NA;9:00 a.m a 4:00 p.m;NA;NA;NA;4,6498036;-74,063513;11
BOGOTA;CHICO RESERVADO;CARRERA 11 No. 94-64;1;3808143;NA;NA;NA;NA;9:00 a.m a 4:00 p.m;NA;NA;110221;4,6776705;-74,0459086;0
BOGOTA;COUNTRY;CALLE 85 No. 13-66;1;3808111;NA;NA;NA;NA;9:00 a.m a 4:00 p.m;NA;NA;110221;4,669291;-74,05359;11
BOGOTA;EL NOGAL;CARRERA 15 No. 74-36;1;3808112;NA;NA;NA;NA;9:00 a.m a 4:00 p.m;NA;NA;110221;4,6612777;-74,0599643;0
BOGOTA;EL RETIRO;CALLE 81 NO. 13-26/44 LOCAL 101;1;3808180;NA;NA;NA;NA;9:00 a.m a 4:00 p.m;NA;NA;NA;4,68745;-74,054192;9
BOGOTA;LOURDES;CARRERA 13 NO 60-87;1;5528786;NA;NA;NA;NA;9:00 a.m a 4:00 p.m;NA;NA;110231;4,6477766;-74,0640112;11
BOGOTA;MARLY;CARRERA 13 No. 53-57;1;3808117;NA;NA;NA;NA;9:00 a.m a 4:00 p.m;NA;NA;NA;4,6407546;-74,0652831;0
BOGOTA;PLAZA 67;CALLE 67 No. 7-35;1;3808123;NA;NA;NA;NA;9:00 a.m a 4:00 p.m;NA;NA;110231;4,6508256;-74,0586994;11
BOGOTA;PREMIUM BOGOTÁ;CARRERA 11 No. 82-01 OFICINA 602;1;3808148;2576212;2576227;NA;NA;9:00 a.m a 4:00 p.m;NA;NA;110221;4,6662181;-74,0530077;3
BOGOTA;QUINTA AVENIDA;CARRERA 7 No. 71-52 TORRE B LOCAL 103;1;3808140;NA;NA;NA;NA;9:00 a.m a 4:00 p.m;NA;NA;NA;4,654051;-74,055351;0
BOGOTA;WORLD TRADE;Carrera 9A No. 99-02 Oficina 108 - 1 Piso;1;3808152;NA;NA;NA;NA;9:00 a.m a 4:00 p.m;NA;NA;NA;4,680968;-74,042061;0
BOGOTA;BANCA PERSONAL WORLD TRADE;Carrera 9A No. 99-02 Oficina 108 - 2 Piso;1;3808181;NA;NA;NA;NA;9:00 a.m a 4:00 p.m;NA;NA;NA;4,680968;-74,042061;0
BOGOTA;AEROPUERTO CONNECTA 26;Avenida Calle 26 No. 92-32 Local No. 1-L06;1;5528772;NA;NA;NA;NA;9:00 a.m a 4:00 p.m;NA;NA;110911;4,6830995;-74,1208765;0
BOGOTA;ALAMOS;CARRERA 89 A No. 62-00 LOCAL 107;1;5528795;NA;NA;NA;NA;9:00 a.m a 4:00 p.m;NA;NA;NA;4,6871057;-74,1143435;0
BOGOTA;CALLE 80;AVENIDA CALLE 81 NO 69-14;1;3808133;NA;NA;NA;NA;9:00 a.m a 4:00 p.m;NA;NA;110221;4,6665622;-74,0557828;3
BOGOTA;CENTRO COMERCIAL DIVERPLAZA;CALLE 71B NO. 100 – 11 LOCALES 107, 107A;1;3808175;NA;NA;NA;NA;9:00 a.m a 4:00 p.m;NA;NA;111041;4,7024806;-74,1174194;1
BOGOTA;LA ESTRADA;AVENIDA CALLE 72 No. 69M-16;1;3808144;NA;NA;NA;NA;9:00 a.m a 4:00 p.m;NA;NA;111061;4,6832066;-74,0909287;0
BOGOTA;LAS FERIAS;AVENIDA CALLE 72 No. 68F-33;1;3808145;NA;NA;NA;NA;9:00 a.m a 4:00 p.m;NA;NA;111061;4,679685;-74,0875664;0
BOGOTA;NORMANDIA;CALLE 53 No. 71C-30;1;3808156;NA;NA;NA;NA;9:00 a.m a 4:00 p.m;NA;NA;111321;4,6455301;-74,0849215;0
BOGOTA;QUIRIGUA;TRANSVERSAL 94A No. 80D-77;1;3808125;NA;NA;NA;NA;9:00 a.m a 4:00 p.m;NA;NA;111021;4,7082081;-74,1054343;8
BOGOTA;TERMINAL DE TRANSPORTE;CALLE 33B No. 69-35 LOCAL 3- 231;1;3808159;NA;NA;NA;NA;9:00 a.m a 4:00 p.m;NA;NA;Colombia;4,6767703;-74,0483488;0
BOGOTA;UNICENTRO OCCIDENTE;CARRERA 111C No. 86-74 LOCAL 105;1;5528796;NA;NA;NA;NA;9:00 a.m a 4:00 p.m;NA;NA;111011;4,7242057;-74,1133547;0
BOGOTA;BANCA PERSONAL EL DORADO;Carrera 69 No. 25B-44 Local 103;1;3808164;NA;NA;NA;NA;9:00 a.m a 4:00 p.m;NA;NA;NA;4,688356;-74,046901;0
BOGOTA;CIUDAD SALITRE;CARRERA .69 No. 25B-44 LOCAL 103;1;3808107;NA;NA;NA;NA;9:00 a.m a 4:00 p.m;NA;NA;NA;4,688356;-74,046901;0
BOGOTA;CORABASTOS;CARRERA 86 No. 24A -19 SUR LOC-1;1;3808110;NA;NA;NA;NA;8:00 a.m a 3:00 p.m;NA;NA;NA;4,6627219;-74,133144;0
BOGOTA;FONTIBON;CALLE 17A No. 99-73;1;3808113;NA;NA;NA;NA;:Lunes a viernes:09:00  a.m a 4:00 p.m;NA;NA;110921;4,6731237;-74,1453014;4
BOGOTA;HAYUELOS;CALLE 20 No. 82-52 LOCAL 1-101 / 2;1;3808096;NA;NA;NA;NA;9:00 a.m a 4:00 p.m;NA;NA;NA;4,66359;-74,13089;0
BOGOTA;MODELIA;AVENIDA CALLE 24 No. 74A-59;1;3808146;NA;NA;NA;NA;9:00 a.m a 4:00 p.m;NA;NA;NA;4,665729;-74,1195218;0
BOGOTA;SALITRE PLAZA;CARRERA 68B No. 40-39 LOCAL 182;1;3808095;NA;NA;NA;NA;9:00 a.m a 4:00 p.m;NA;NA;NA;4,652457;-74,109328;0
BOGOTA;ZONA FRANCA CALLE 13;DIAGONAL 16 No.104-51 LOCAL 104;1;3808142;NA;NA;NA;NA;9:00 a.m a 4:00 p.m;NA;NA;110111;4,6912599;-74,0513807;0
BOGOTA;CIUDAD KENNEDY;CARRERA 78K No. 37A-80 SUR;1;2645967;NA;NA;NA;NA;9:00 a.m a 4:00 p.m;NA;NA;110851;4,6235139;-74,1540744;0
BOGOTA;KENNEDY CENTRAL;CARRERA 78B No. 26-24 SUR;1;3808116;NA;NA;NA;NA;9:00 a.m a 4:00 p.m;NA;NA;NA;4,6243511;-74,1487657;1
BOGOTA;MINIBANCO TINTALITO;CARRERA 86 No. 15 A 91;1;2920691;NA;NA;NA;NA;8:00 a.m a 01:00 pm;NA;NA;NA;4,65804;-74,1377853;0
BOGOTA;PLAZA DE LAS AMERICAS;TRANSVERSAL 71D No 26-94 SUR LOCAL 1911;1;5528793;NA;NA;NA;NA;9:00 a.m a 4:00 p.m;5:30 p.m a 7:00 p.m;09:00 a.m a 2:00 p.m;NA;4,6197204;-74,1352054;0
BOGOTA;LAS AGUAS;AVENIDAJIMENEZ No. 4-16;1;5528777;NA;NA;NA;NA;9:00 a.m a 4:00 p.m;NA;NA;NA;4,6009965;-74,0704313;4
BOGOTA;AVENIDA JIMENEZ;AVENIDA JIMENEZ No. 8a-65;1;5528779;NA;NA;NA;NA;9:00 a.m a 4:00 p.m;NA;NA;110321;4,602287;-74,0753857;0
BOGOTA;MINIBANCO RAMA JUDICIAL;CARRERA 10 No. 14-33 PISO 1 - Bogotá;1;3808182;NA;NA;NA;NA;8:30 a.m a 3:30 p.m;NA;NA;Colombia;4,6030761;-74,0766066;0
BOGOTA;BOGOTA;CARRERA 7 No. 16-36 PISO 1;1;3808131;NA;NA;NA;NA;9:00 a.m a 4:00 p.m;NA;NA;110321;4,6025523;-74,0724592;4
BOGOTA;CENTRO COMERCIAL CALIMA BOGOTÁ;AVENIDA 19 No. 28-80 Locales B-79, 81, 82, 84, 86. PISO 2;1;3808174;NA;NA;NA;NA;9:00 a.m a 4:00 p.m;NA;NA;NA;4,6184552;-74,0858837;0
BOGOTA;CARRERA ONCE;CARRERA 10 No. 9-97 L1263;1;5528771;NA;NA;NA;NA;9:00 a.m a 4:00 p.m;NA;NA;Colombia;4,5991745;-74,0787122;0
BOGOTA;CENTRO INTERNACIONAL;CARRERA 10 No. 27-91;1;3808134;NA;NA;NA;NA;9:00 a.m a 4:00 p.m;NA;NA;110421;4,5719903;-74,0978013;0
BOGOTA;COLSEGUROS;CALLE 17 NO 9-20 INT 101 - 201;1;3808108;NA;NA;NA;NA;9:00 a.m a 4:00 p.m;NA;NA;NA;4,60479;-74,074187;4
BOGOTA;LAS NIEVES;CARRERA 7 No. 19- 22;1;5528780;NA;NA;NA;NA;9:00 a.m a 4:00 p.m;NA;NA;110311;4,6054927;-74,0713561;4
BOGOTA;PALOQUEMAO;CALLE 17 No. 25-69;1;3808119;NA;NA;NA;NA;9:00 a.m a 4:00 p.m;NA;NA;111411;4,6136038;-74,0872018;0
BOGOTA;PARQUE BAVIERA;CARRERA 13 No. 32-65;1;3808121;NA;NA;NA;NA;9:00 a.m a 4:00 p.m;NA;NA;110311;4,6200908;-74,0687389;3
BOGOTA;PARQUE CENTRAL BAVARIA;CALLE 29 No. 13-45 LOCAL 170;1;3808092;NA;NA;NA;NA;9:00 a.m a 4:00 p.m;NA;NA;NA;4,7567347;-74,0644877;0
BOGOTA;PARQUE NACIONAL;CARRERA 13 No. 38-99;1;3808154;NA;NA;NA;NA;9:00 a.m a 4:00 p.m;NA;NA;110311;4,627125;-74,0672676;0
BOGOTA;RICAURTE;CALLE 13 No. 27-05;1;5528781;NA;NA;NA;NA;9:00 a.m a 4:00 p.m;NA;NA;111411;4,612136;-74,0893156;2
BOGOTA;SAN JOSE;CARRERA 21 No. 9-31 LOCAL 2-100 CENTRO COMERCIAL SAN VICENTE;1;3808149;NA;NA;NA;NA;9:00 a.m a 4:00 p.m;NA;NA;NA;4,605579;-74,08909;0
BOGOTA;LA TRINIDAD;CARRERA 56 No. 4A-36;1;3808158;NA;NA;NA;NA;9:00 a.m a 4:00 p.m;NA;NA;111611;4,6211736;-74,1181004;0
BOGOTA;MINIBANCO FONDO ROTATORIO DEL EJERCITO;CARRERA 50 No. 18-92;1;3471600;NA;NA;NA;NA;9:00 a.m a 4:00 p.m;NA;NA;111611;4,631605;-74,1034282;0
BOGOTA;OCCIDENTE;CALLE 13 No. 47-17;1;3808155;NA;NA;NA;NA;9:00 a.m a 4:00 p.m;NA;NA;111611;4,6256317;-74,1048001;0
BOGOTA;PUENTE ARANDA;CALLE 13 No. 62- 56;1;3808135;NA;NA;NA;NA;9:00 a.m a 4:00 p.m;NA;NA;111611;4,634139;-74,113726;0
BOGOTA;SAN ANDRESITO;CALLE 9 No. 37 -40 PISO2;1;5528782;NA;NA;NA;NA;9:00 a.m a 4:00 p.m;NA;NA;Colombia;4,5776156;-74,0825896;0
BOGOTA;MONTEVIDEO;CARRERA 68 No. 13-34;1;3808147;NA;NA;NA;NA;9:00 a.m a 4:00 p.m;NA;NA;111611;4,6380912;-74,1170972;0
BOGOTA;SANTA LUCIA;CALLE 46 SUR No. 19-07 P-2;1;5528789;NA;NA;NA;NA;9:00 a.m a 4:00 p.m;NA;NA;Colombia;4,5704417;-74,125107;0
BOGOTA;Agencia USME;CARRERA 1 No 65 D-58 Sur Locales L 1-74 1-75 y 1-76 Centro Comercial Altavista;1;3808141;NA;NA;NA;NA;9:00 a.m a 4:00 p.m;NA;NA;NA;4,532191;-74,118427;0
BOGOTA;VEINTE DE JULIO;CARRERA 9 No. 30D-38 SUR;1;5528791;NA;NA;NA;NA;9:00 a.m a 4:00 p.m;NA;NA;NA;4,568412;-74,0995296;0
BOGOTA;CENTRO SUBA;CALLE 140 No. 91-19 LOCAL 2-109;1;3808105;NA;NA;NA;NA;9:00 a.m a 4:00 p.m;NA;NA;NA;4,737951;-74,085106;2
BOGOTA;COLINA CAMPESTRE;CARRERA 58 No. 137B-04;1;5528770;NA;NA;NA;NA;"9:00 a.m a 4:00 p.m L- V (Primeros 3 dias habiles y últimos 2 días hábiles del mes) 8:00
a.m a 4:00 p.m";NA;NA;NA;4,7277176;-74,0646564;0
BOGOTA;NIZA;AVENIDA SUBA No. 127 - 35;1;3808118;NA;NA;NA;NA;9:00 a.m a 4:00 p.m;NA;NA;111121;4,7117483;-74,0723689;2
BOGOTA;CENTRO EMPRESARIAL CALLE 127;CALLE 127 No. 53ª-45;1;3808183;NA;NA;NA;NA;9:00 a.m a 4:00 p.m;NA;NA;NA;4,7083014;-74,0620068;0
BOGOTA;PARALELO 108;AV. CRA. 45 No. 108 - 27 TORRE 3 LOCALES12 Y 13;1;3808120;NA;NA;NA;NA;9:00 a.m a 4:00 p.m;NA;NA;NA;4,6963793;-74,0565516;0
BOGOTA;PLAZA IMPERIAL;AVENIDA CARRERA 140 No. 148-07 LOCL 147;1;3808094;NA;NA;NA;NA;9:00 a.m a 4:00 p.m;NA;NA;NA;4,7451071;-74,1150663;0
BOGOTA;PUENTE LARGO;TRANSVERSAL 60 No. 108-46;1;3808090;NA;NA;NA;NA;9:00 a.m a 4:00 p.m;NA;NA;NA;4,6952696;-74,0679184;8
BOGOTA;AGENCIA TELEFÓNICA;TRANSVERSAL 60 No. 114A - 55;1;3808185;NA;NA;NA;NA;9:00 a.m a 4:00 p.m;NA;NA;111121;4,6968685;-74,0700414;8
BOGOTA;AVENIDA EL DORADO;CALLE 26 No. 59-41 EDIFICIO CAMARA COLOMBIANA DE INFRAESTRUCTURA LOCALES 2,3;1;3808097;NA;NA;NA;NA;9:00 a.m a 4:00 p.m;NA;NA;111321;4,6461943;-74,0996413;1
BOGOTA;CAN;CALLE 44 No. 57A-68;1;3808101;NA;NA;NA;NA;9:00 a.m a 4:00 p.m;NA;NA;111321;4,6479678;-74,0937505;0
BOGOTA;CORFERIAS;AVENIDA CARRERA 40 No. 24A - 81;1;5528783;NA;NA;NA;NA;9:00 a.m a 4:00 p.m;NA;NA;NA;4,630808;-74,092653;0
BOGOTA;GALERIAS;CARRERA 21 No. 53-14;1;3808114;NA;NA;NA;NA;9:00 a.m a 4:00 p.m;NA;NA;NA;4,6415815;-74,0719517;2
BOGOTA;GRAN AMÉRICA;CARRERA 33 No. 25D - 44 TORRE 6 LOCALES 105 Y 106;1;3808173;NA;NA;NA;NA;9:00 a.m a 4:00 p.m;NA;NA;111321;4,6297488;-74,0835963;2
BOGOTA;INDUMIL;CALLE 44 Nº 50-92;1;5528778;NA;NA;NA;NA;9:00 a.m a 4:00 p.m;NA;NA;111321;4,6437399;-74,0912001;0
BOGOTA;MINIBANCO FISCALÍA;DIAGONAL 22B No. 52-01;1;3471600;NA;NA;NA;NA;9:00 a.m a 4:00 p.m;NA;NA;NA;4,6389964;-74,0996821;0
BOGOTA;MINIBANCO MINISTERIO DE DEFENSA;CARRERA 54 No.26-25;1;5527769;NA;NA;NA;NA;9:00 a.m a 4:00 p.m;NA;NA;111321;4,6442719;-74,0953416;0
BOGOTA;MINIBANCO FRIGORIFICO GUADALUPE;AUTOPISTA SUR No. 66-78 LOCAL D17;1;2385923;NA;NA;NA;NA;7:00 a.m a 2:00 p.m.;NA;7:00 a.m a 12:00 m.;NA;4,5951944;-74,151122;1
BOGOTA;TUNAL;CALLE 47B SUR No. 24A-15 CC.TUNAL;1;5528790;NA;NA;NA;NA;9:00 a.m a 4:00 p.m;5:30 p.m a 7:00 p.m;9:00 a.m. a 2:00 p.m;NA;4,5775347;-74,1302695;0
BOGOTA;VENECIA;DIAGONAL 46A SUR No. 51-24 SUR;1;5528788;NA;NA;NA;NA;9:00 a.m a 4:00 p.m;NA;NA;110611;4,5934173;-74,1384096;5
BOGOTA;MINIBANCO COLMOTORES;Calle 56a sur No. 33-53;1;5527765;NA;NA;NA;NA;9:00 a.m a 4:00 p.m;NA;NA;NA;4,5845515;-74,1437162;0
BOGOTA;AGENCIA NORTH POINT;CARRERA 7 No. 156 - 80 LOC-101;1;3808178;NA;NA;NA;NA;9:00 a.m a 4:00 p.m;NA;NA;NA;4,7327913;-74,0235126;7
BOGOTA;BANCA COMERCIAL SAN PATRICIO;AVENIDA CARRERA 19 NO. 104 - 52;1;3808177;NA;NA;NA;NA;9:00 a.m a 4:00 p.m;NA;NA;110111;4,6909494;-74,0509273;0
BOGOTA;BANCA PERSONAL SAN PATRICIO;AVENIDA CARRERA 19 NO. 104 - 52;1;3808176;NA;NA;NA;NA;9:00 a.m a 4:00 p.m;NA;NA;110111;4,6909494;-74,0509273;0
BOGOTA;BELMIRA;CALLE 140 No. 7C- 94;1;3808099;NA;NA;NA;NA;9:00 a.m a 4:00 p.m;NA;NA;110121;4,7175695;-74,0321485;0
BOGOTA;CEDRITOS;AVENIDA 19 No. 152-03;1;3808103;NA;NA;NA;NA;9:00 a.m a 4:00 p.m;NA;NA;110131;4,7337005;-74,0443804;0
BOGOTA;CONTADOR;AVENIDA 19 No. 138-30;1;3808109;NA;NA;NA;NA;9:00 a.m a 4:00 p.m;NA;NA;110121;4,7222933;-74,0463743;0
BOGOTA;MINIBANCO CANTON NORTE;Calle 106 No. 7-25;1;5527760;NA;NA;NA;NA;8:30 a.m a 3:30 p.m;NA;NA;110111;4,6853833;-74,0360764;0
BOGOTA;HACIENDA SANTA BARBARA;CALLE 114 No. 6A-92 LOCAL 242D;1;3808093;NA;NA;NA;NA;9:00 a.m a 4:00 p.m;NA;NA;110111;4,69211;-74,03219;0
BOGOTA;TELEPORT;Calle 114 No. 9-01 Local 124.;1;3808137;NA;NA;NA;NA;9:00 a.m a 4:00 p.m;NA;NA;NA;4,7022085;-74,0419897;0
BOGOTA;LA CASTELLANA;AVENIDA CALLE 100 Nº 54-21 LOCAL 113;1;5528799;NA;NA;NA;NA;9:00 a.m a 4:00 p.m;NA;NA;110111;4,691801;-74,035341;0
BOGOTA;PEPE SIERRA;AVENIDA 19 No. 118-30;1;3808122;NA;NA;NA;NA;9:00 a.m a 4:00 p.m;NA;NA;110111;4,699852;-74,0493868;0
BOGOTA;SANTA PAULA;CARRERA 15 No. 108A- 33;1;3808127;NA;NA;NA;NA;9:00 a.m a 4:00 p.m;NA;NA;110111;4,6922314;-74,0451773;0
BOGOTA;SANTAFÉ;CALLE 185 No. 45-03 LOC- 1-121;1;3808128;NA;NA;NA;NA;9:00 a.m a 4:00 p.m;5:30 p.m a 7:00 p.m;09:00 a.m a 2:00 p.m;NA;4,762252;-74,0463165;0
BOGOTA;TELEPORT;Calle 114 No. 9-01 Local 124.;1;3808137;NA;NA;NA;NA;9:00 a.m a 4:00 p.m;NA;NA;NA;4,7022085;-74,0419897;0
BOGOTA;TOBERIN;CALLE 166 No. 21-68;1;3808091;NA;NA;NA;NA;"9:00 a.m a 4:00 p.m
L- V (Primeros 3 dias habiles y últimos 2 días hábiles del mes) 8:00 a.m a 4:00 p.m";NA;NA;110131;4,7468238;-74,0450833;0
BOGOTA;UNICENTRO;"AVENIDA 15 No. 123-30 LOCAL 2-168
CALLE 123 CARRERA 15 LOCAL 1-136";1;3808150;NA;NA;NA;NA;9:00 a.m a 4:00 p.m;"5:30 p.m a 7:30 p.m
Fin de mes 5:30 p.m. a 7:00 p.m.";10:00 a.m a 4:00 p.m;NA;4,7022085;-74,0419897;0
BOGOTA;AGENCIA BANCA PERSONAL UNICENTRO;CALLE 123 CARRERA 15 LOCAL 1-136;1;3808187;NA;NA;NA;NA;9:00 a.m a 4:00 p.m;NA;NA;110111;4,699548;-74,0332701;15
BUCARAMANGA;AGENCIA CENTRO COMERCIAL CACIQUE;TRANSVERSAL 93 NO. 34-99 LOCAL 406 CENTRO COMERCIAL CACIQUE;7;6855027;NA;NA;NA;NA;8:00 a.m a 11:30 a.m - 2:00 p.m a  4:30 p.m;NA;NA;NA;7,0996603;-73,1073641;2
BUCARAMANGA;AVENIDA EL LIBERTADOR;CARRERA 15 No. 23-41;7;6855010;NA;NA;NA;NA;8:00 a.m a 11:30 a.m - 2:00 p.m a  4:30 p.m;NA;NA;NA;7,1247813;-73,1289033;0
BUCARAMANGA;BOLARQUÍ;Carrera 29 Numero 54 -78 Local 1;7;6855028;NA;NA;NA;NA;8:00 a.m a 11:30 a.m - 2:00 p.m a  4:30 p.m;NA;NA;680003;7,1112229;-73,1137583;2
BUCARAMANGA;BUCARAMANGA;CALLE 35 No. 18-02;7;6855011;NA;NA;NA;NA;8:00 a.m a 11:30 a.m - 2:00 p.m a  4:30 p.m;NA;NA;NA;7,119413;-73,1242627;1
BUCARAMANGA;CABECERA DEL LLANO;CALLE 52 No. 33-42;7;6855019;NA;NA;NA;NA;8:00 a.m a 11:30 a.m - 2:00 p.m a  4:30 p.m;NA;NA;680003;7,1131904;-73,1100661;2
BUCARAMANGA;CARRERA 27;CARRERA 27 No. 19-10;7;6855021;NA;NA;NA;NA;8:00 a.m a 11:30 a.m - 2:00 p.m a  4:30 p.m;NA;NA;680002;7,1304052;-73,1198771;0
BUCARAMANGA;DANN;CARRERA 29 No. 45-86;7;6855022;NA;NA;NA;NA;8:00 a.m a 11:30 a.m - 2:00 p.m a  4:30 p.m;5:30 p.m  a  7:00 p.m;9:00 a.m a 1:00 p.m;680003;7,1178859;-73,1125597;0
BUCARAMANGA;EXT. DE CAJA GOBERNACIÓN DE SANTANDER;CALLE 37 No. 10-30;7;6855041;NA;NA;NA;NA;8:00 a.m a 11:30 a.m - 2:00 p.m a  4:30 p.m;NA;NA;680006;7,1165575;-73,1299663;1
BUCARAMANGA;LA TRIADA;CALLE 34 Nº 19-46 OFICINA 109;7;6855023;NA;NA;NA;NA;8:00 a.m a 11:30 a.m - 2:00 p.m a  4:30 p.m;NA;NA;680006;7,1206465;-73,1232921;1
BUCARAMANGA;PARQUE SANTANDER;CARRERA 19 No. 36-03;7;6855024;NA;NA;NA;NA;8:00 a.m a 11:30 a.m - 2:00 p.m a  4:30 p.m;5:30 p.m  a  7:00 p.m;9:00 a.m a 1:00 p.m;NA;7,1191793;-73,1231094;1
BUCARAMANGA;REAL DE MINAS;AVENIDA LOS SAMANES No. 9-65;7;6855025;NA;NA;NA;NA;8:00 a.m a 11:30 a.m - 2:00 p.m a  4:30 p.m;NA;NA;680005;7,104526;-73,122915;2
BUCARAMANGA;PROVENZA;CARRERA 27 No. 105 – 34 Local 22;7;6855016;NA;NA;NA;NA;8:00 a.m a 11:30 a.m - 2:00 p.m a  4:30 p.m;NA;NA;680006;7,1165654;-73,1191877;0
BUCARAMANGA;CENTROABASTOS BUCARAMANGA;Vía al Palenque - Café Madrid No. 44 - 96 bodega numero 1 local 3-42.;7;6855012;NA;NA;NA;NA;Lunes a viernes de 7:00 - 3:00 p.m.;NA;7:00 a.m. - 11 a.m.;NA;7,1030929;-73,1658802;0
BUCARAMANGA;BANCA PERSONAL BUCARAMANGA;Calle 44 No. 28-63/73;7;6855026;NA;NA;NA;NA;8:00 a.m a 11:30 a.m - 2:00 p.m a  4:30 p.m;NA;NA;NA;7,1131961;-73,1296228;0
BUENAVENTURA;BUENAVENTURA;CALLE 1 No. 3-89;2;2423850;2417139;2433814;NA;NA;8:00 a.m a 11:30 a.m - 2:00 p.m a  4:30 p.m;NA;NA;NA;3,8879797;-77,0777809;0
BUENAVENTURA;CENTRO COMERCIAL VIVA BUENAVENTURA;CALLE 2 NO. 66 – 84 LOCAL 110;2;2425197;2428321;NA;NA;NA;8:00 a.m a 11:30 a.m - 2:00 p.m a  4:30 p.m;NA;NA;NA;3,8830471;-77,0197212;0
BUENAVENTURA;EXT. DE CAJA BAHÍA MALAGA;BASE NAVAL MALAGA;2;2460627;NA;NA;NA;NA;8:00 a.m a 2:00 p.m;NA;NA;NA;3,97;-77,32;0
BUENAVENTURA;PACIFIC CENTER;CARRERA 7 NO 3-06 ED. PACIFIC TRADE CENTER LOCAL 105;2;2419350;2411768;NA;NA;NA;8:00 a.m a 11:30 a.m - 2:00 p.m a  4:30 p.m;NA;NA;764501;3,889987;-77,0770097;0
BUGA;BUGA;CALLE 7 No. 12-49;2;2282932;2281808;2276132;2273146;NA;8:00 a.m a 11:30 a.m - 2:00 p.m a  4:30 p.m;NA;NA;NA;3,8996491;-76,3001415;0
CAJICA;CAJICÁ;CARRERA 6 No. 4-105 VIA PRINCIPAL CAJICA;1;8661331;8661364;NA;NA;NA;9:00 a.m a 4:00 p.m;NA;NA;NA;4,9195381;-74,0257716;0
CALARCA;CALARCA;CALLE 39 No. 24-39;6;7422681;7423200;7421271;NA;NA;8:00 a.m a 11:30 a.m - 2:00 p.m a  4:30 p.m;NA;NA;NA;4,5302625;-75,6407767;0
CALI;ACOPI;AVENIDA 4 NORTE No. 64 N - 74;2;6440210;NA;NA;NA;NA;8:00 a.m a 11:30 a.m - 2:00 p.m a  4:30 p.m;NA;NA;760050;3,4806609;-76,5218056;7
CALI;AGENCIA ZONA FRANCA DEL PACÍFICO;KILOMETRO 6 VÍA YUMBO AEROPUERTO;2;6440066;NA;NA;NA;NA;8:00 a.m a 12:00m - 1:00 p.m a  3:00 p.m Viernes hasta las 3:30 p.m;NA;NA;NA;3,5617423;-76,4485164;0
CALI;AVENIDA DE LAS AMERICAS;AVENIDA DE LAS AMERICAS No. 23N-07;2;6440211;NA;NA;NA;NA;8:00 a.m a 11:30 a.m - 2:00 p.m a  4:30 p.m;NA;NA;NA;3,4642043;-76,5249476;0
CALI;AVENIDA ROOSEVELT;AVENIDA ROOSVELT No. 27-50 (CLLE 6);2;6440212;NA;NA;NA;NA;8:00 a.m a 11:30 a.m - 2:00 p.m a  4:30 p.m;NA;NA;760042;3,4329112;-76,5388907;7
CALI;AVENIDA TERCERA NORTE;CALLE 47C NORTE No. 3N-09;2;6440238;NA;NA;NA;NA;8:00 a.m a 11:30 a.m - 2:00 p.m a  4:30 p.m;NA;NA;760050;3,4833063;-76,5182705;7
CALI;BBVA CENTRO COMERCIAL CENTRO SUR;CALLE 9 No. 32A-16 CENTRO COMERCIAL CENTRO SUR LOCAL 2-12;2;6440236;NA;NA;NA;NA;8:00 a.m a 11:30 a.m - 2:00 p.m a  4:30 p.m;NA;NA;NA;3,4270576;-76,5376352;0
CALI;BANCA PERSONAL CALI;AVENIDA 6a No. 25AN-31;2;6440024;NA;NA;NA;NA;8:00 a.m a 11:30 a.m - 2:00 p.m a  4:30 p.m;NA;NA;NA;3,4673343;-76,5297594;0
CALI;CALI;CARRERA 5 No.13- 83;2;6440231;NA;NA;NA;NA;8:00 a.m a 11:30 a.m - 2:00 p.m a  4:30 p.m;NA;NA;NA;3,4525911;-76,530443;6
CALI;Agencia CALLE 34;CALLE 34 No. 4C-36;2;6440213;NA;NA;NA;NA;8:00 a.m a 11:30 a.m - 2:00 p.m a  4:30 p.m;NA;NA;760003;3,459014;-76,5134832;0
CALI;CALLE NOVENA;CALLE 9 No. 46-69 LOCAL 109;2;6440214;NA;NA;NA;NA;8:00 a.m a 11:30 a.m - 2:00 p.m a  4:30 p.m;NA;NA;NA;3,4148355;-76,5403576;0
CALI;CARRERA PRIMERA;CARRERA 1 No. 41-13;2;6440215;NA;NA;NA;NA;8:00 a.m a 11:30 a.m - 2:00 p.m a  4:30 p.m;NA;NA;NA;3,4686189;-76,5117615;2
CALI;CENTENARIO;AVENIDA. 4 NORTE No. 6N-67 LOC- 102;2;6440216;NA;NA;NA;NA;8:00 a.m a 11:30 a.m - 2:00 p.m a  4:30 p.m;NA;NA;760046;3,4539402;-76,5378707;0
CALI;CENTRO COMERCIAL CALIMA;CENTRO COMERCIAL LA 14 DE CALIMA LOCAL 111-112;2;6440217;NA;NA;NA;NA;8:00 a.m a 11:30 a.m - 2:00 p.m a  4:30 p.m;NA;NA;760002;3,4858408;-76,497899;0
CALI;CENTRO COMERCIAL CHIPICHAPE;CENTRO COMERCIAL CHIPICHAPE LOC- 107;2;6440218;NA;NA;NA;NA;8:00 a.m a 11:30 a.m - 2:00 p.m a  4:30 p.m;5:30 p.m a 7:00 p.m;09:00 a.m a 1:00 p.m;760001;3,4759519;-76,5278169;0
CALI;BBVA CENTRO COMERCIAL UNICO - CALI;Calle 53 No. 3-30 Local BC-4;2;6440237;NA;NA;NA;NA;8:00 a.m a 11:30 a.m - 2:00 p.m a  4:30 p.m;NA;NA;760011;3,44554;-76,498548;0
CALI;CIUDAD JARDIN;CALLE 18 No. 106 - 69;2;6440241;NA;NA;NA;NA;8:00 a.m a 11:30 a.m - 2:00 p.m a  4:30 p.m;NA;NA;NA;3,3616865;-76,5312624;0
CALI;COMERCIAL NORTE;CALLE 23D NORTE No. 5-09;2;6440220;NA;NA;NA;NA;8:00 a.m a 11:30 a.m - 2:00 p.m a  4:30 p.m;NA;NA;760046;3,4649732;-76,5293628;0
CALI;COSMOCENTRO;CALLE 5 No. 50-103 LOCAL 1/6;2;6440221;NA;NA;NA;NA;8:00 a.m a 11:30 a.m - 2:00 p.m a  4:30 p.m;5:30 p.m a 7:00 p.m;09:00 a.m a 1:00 p.m;Colombia;3,4150965;-76,5478027;0
CALI;HOLGUINES TRADE CENTER;CARRERA 100 No. 11-60 CENTRO COMERCIAL HOLGUINES T. C. LOCAL 170;2;6440223;NA;NA;NA;NA;8:00 a.m a 11:30 a.m - 2:00 p.m a  4:30 p.m;NA;NA;NA;3,37184;-76,53924;3
CALI;IMBANACO;CARRERA 39 Nº 5-36;2;6440224;NA;NA;NA;NA;8:00 a.m a 11:30 a.m - 2:00 p.m a  4:30 p.m;NA;NA;NA;3,4243843;-76,5463257;0
CALI;JARDÍN PLAZA;CARRERA 98 NO 16-200 LOCAL 197-198-199-200;2;6440225;NA;NA;NA;NA;8:00 a.m a 11:30 a.m - 2:00 p.m a  4:30 p.m;5:30 p.m a 7:00 p.m;09:00 a.m a 1:00 p.m;NA;3,3692303;-76,5275187;0
CALI;Agencia LA FLORA;AVENIDA 6 NORTE NO 42 N-46;2;6440226;NA;NA;NA;NA;8:00 a.m a 11:30 a.m - 2:00 p.m a  4:30 p.m;NA;NA;Colombia;3,4795007;-76,5254022;7
CALI;OESTE CALI;CALLE 7 OESTE No. 1ª- 59 LOCAL 3;2;6440235;NA;NA;NA;NA;8:00 a.m a 11:30 a.m - 2:00 p.m a  4:30 p.m;NA;NA;NA;3,4358476;-76,5455461;1
CALI;PASOANCHO;AVENIDA PASOANCHO No 72 - 16.;2;6440227;NA;NA;NA;NA;8:00 a.m a 11:30 a.m - 2:00 p.m a  4:30 p.m;NA;NA;NA;3,3918038;-76,5386187;1
CALI;PLAZA CAICEDO;CALLE 12 No. 4-79 EDIF OTERO;2;6440232;NA;NA;NA;NA;8:00 a.m a 11:30 a.m - 2:00 p.m a  4:30 p.m;NA;NA;NA;3,4516878;-76,5319288;0
CALI;Agencia SAN FERNANDO;CARRERA 26 A No. 4-40 BARRIO SAN FERNANDO;2;6440240;NA;NA;NA;NA;8:00 a.m a 11:30 a.m - 2:00 p.m a  4:30 p.m;NA;NA;NA;3,4297926;-76,5424377;0
CALI;SANTA MONICA;AVENIDA 6A No. 25AN-31;2;6440233;NA;NA;NA;NA;8:00 a.m a 11:30 a.m - 2:00 p.m a  4:30 p.m;NA;NA;NA;3,4673343;-76,5297594;0
CALI;SEXTA AVENIDA;AVENIDA 6 NORTE No. 17-03;2;6440234;NA;NA;NA;NA;8:00 a.m a 11:30 a.m - 2:00 p.m a  4:30 p.m;NA;NA;760045;3,460522;-76,531245;6
CALI;Agencia SUPEROUTLET DE LA 80;CARRERA 80 NO 13A- 261LOCAL 112;2;6440029;NA;NA;NA;NA;8:00 a.m a 11:30 a.m - 2:00 p.m a  4:30 p.m;NA;NA;Colombia;3,3874284;-76,5360805;0
CALI;UNICENTRO CALI;CARRERA 100 No. 5-169 Local 215 CENTRO COMERCIAL UNICENTRO;2;6440230;NA;NA;NA;NA;8:00 a.m a 11:30 a.m - 2:00 p.m a  4:30 p.m;5:30 p.m a 7:00 p.m;09:00 a.m a 1:00 p.m;NA;3,3737606;-76,5390353;3
CALI;VALLE DE LILI;CARRERA 98B Nro. 25-130 Locales 21A, 22 y 23.;2;6440239;NA;NA;NA;NA;8:00 a.m a 11:30 a.m - 2:00 p.m a  4:30 p.m;NA;NA;Valle del Cauca;3,3688211;-76,5234657;0
CALOTO;EXTENSIÓN OFICINA CALOTO;CARRERA 4 No. 12-03/ 21 ALCALDÍA MUNICIPAL CALOTO;2;8258900;NA;NA;NA;NA;Martes a sábado 8:00 a.m a 11:30 a.m - 2:00 p.m a  4:30 p.m;NA;NA;NA;3,0329368;-76,4083781;1
CARTAGENA;BOCAGRANDE;EDIFICIO MONTELIBANO CARRERA .3 No. 8-06 P1/2;5;6517424;NA;NA;NA;NA;8:00 a.m a 11:30 a.m - 2:00 p.m a  4:30 p.m;NA;NA;NA;10,35726;-75,4901017;0
CARTAGENA;CARTAGENA;CALLE 32 No. 4-65 PLAZA LA ADUANA;5;6517426;NA;NA;NA;NA;8:00 a.m a 11:30 a.m - 2:00 p.m a  4:30 p.m;NA;NA;NA;10,4221584;-75,550321;5
CARTAGENA;LA MATUNA;AVENIDA VENEZUELA No. 9-79;5;6517427;NA;NA;NA;NA;8:00 a.m a 11:30 a.m - 2:00 p.m a  4:30 p.m;NA;NA;NA;10,4249446;-75,5468742;5
CARTAGENA;LA PLAZUELA;CALLE 71 No. 29-236 CENTRO COMERCIAL CHOPPIN C.;5;6517428;NA;NA;NA;NA;8:00 a.m a 11:30 a.m - 2:00 p.m a  4:30 p.m;NA;NA;NA;10,4458964;-75,516701;1
CARTAGENA;PARQUE CENTENARIO;AVENIDA DANIEL LEMETRE No. 8A-65;5;6517422;NA;NA;NA;NA;8:00 a.m a 11:30 a.m - 2:00 p.m a  4:30 p.m;NA;NA;NA;10,4229577;-75,5482015;5
CARTAGENA;SUPEREJECUTIVOS;AVENIDA PEDRO DE HEREDIA CENTRO COMERCIAL LOS EJECUTIVOS LOCAL 66;5;56517423;NA;NA;NA;NA;8:00 a.m a 11:30 a.m - 2:00 p.m a  4:30 p.m;NA;NA;NA;10,399185;-75,493824;0
CARTAGENA;MANGA;CARRERA 20 N 24-156 LOCAL 1,2,3 EDIFICIO LUNA MAR;5;6517429;NA;NA;NA;NA;8:00 a.m a 11:30 a.m - 2:00 p.m a  4:30 p.m;NA;NA;NA;10,4132143;-75,5398413;0
CARTAGENA;AVENIDA SAN MARTIN;CARRERA 2 N. 11 - 41;5;6517425;NA;NA;NA;NA;8:00 a.m a 11:30 a.m - 2:00 p.m a  4:30 p.m;NA;NA;NA;10,4085672;-75,5509179;0
CARTAGENA;BANCA PERSONAL CARTAGENA;CARRERA 2 N. 11 - 41;5;6517430;NA;NA;NA;NA;8:00 a.m a 11:30 a.m - 2:00 p.m a  4:30 p.m;NA;NA;NA;10,4085672;-75,5509179;0
CARTAGO;CARTAGO;CALLE 12 No. 3-66 INT 124;2;2110240;2110241;2110242;NA;NA;8:00 a.m a 11:30 a.m - 2:00 p.m a  4:30 p.m;5:30 p.m a 7:00 p.m;9:00 a.m a 1:00 p.m;NA;4,7472212;-75,9116289;1
CAUCASIA;CAUCASIA;CALLE 21 No. 16-80;4;8393041;8393040;8393042;NA;NA;8:00 a.m a 11:30 a.m - 2:00 p.m a  4:30 p.m;NA;NA;NA;7,9877832;-75,1917898;0
CHÍA;CENTRO CHIA;AVENIDA PRADILLA 900 ESTE CENTRO COMERCIAL LOCAL 1132;1;8621375;8620696;8621389;8621388;8621386;9:00 a.m a 4:00 p.m;NA;NA;NA;4,8638868;-74,0436167;0
CHÍA;CHÍA;CALLE 12 No. 10-26;1;3808161;NA;NA;NA;NA;9:00 a.m a 4:00 p.m;NA;NA;NA;4,8615273;-74,0598775;1
CHINU;CHINU;CARRERA 7A No. 16-12;4;7751015;7751666;NA;NA;NA;8:00 a.m a 11:30 a.m - 2:00 p.m a  4:30 p.m;NA;NA;NA;9,105964;-75,401527;1
CHIQUINQUIRA;CHIQUINQUIRA;CALLE 17 No. 10 - 63;8;7264490;7264486;7264167;NA;NA;8:00 a.m a 11:30 a.m - 2:00 p.m a  4:30 p.m;NA;NA;NA;5,6172497;-73,8166457;0
CIMITARRA;CIMITARRA;CALLE 6 No. 4-40 EDIFICIO PALACIO MUNICIPAL;7;6260594;6260149;6260294;NA;NA;8:00 a.m a 11:30 a.m - 2:00 p.m a  4:30 p.m;NA;NA;NA;6,315209;-73,9489059;0
COTA;AGENCIA SCHLUMBERGER;KM 1,5 VIA SIBERIA COTA PARQUE EMPRESARIA POTRERO CHICO;1;3822640;NA;NA;NA;NA;9:00am - 4:00pm;NA;NA;NA;4,6519143;-74,0828724;0
COTA;COTA;CARRERA 4 No. 11 - 98;1;5528784;NA;NA;NA;NA;9:00am - 4:00pm;NA;NA;NA;4,8090536;-74,1013516;0
CÚCUTA;AVENIDA CERO;AVENIDA CERO No. 12 - 26;7;5748962;NA;NA;NA;NA;8:00 a.m a 11:30 a.m - 2:00 p.m a  4:30 p.m;5:30 p.m a 7:00 p.m;9:00 a.m a 1:00 p.m;NA;7,8856299;-72,4981756;10
CÚCUTA;AVENIDA GRAN COLOMBIA;AVENIDA GRAN COLOMBIA 08-72;7;5748964;NA;NA;NA;NA;8:00 a.m a 11:30 a.m - 2:00 p.m a  4:30 p.m;NA;NA;NA;7,8927965;-72,4923001;0
CÚCUTA;AVENIDA SEXTA;CALLE 10 No. 6-02 CENTRO;7;5748961;NA;NA;NA;NA;8:00 a.m a 11:30 a.m - 2:00 p.m a  4:30 p.m;5:30 p.m a 7:00 p.m;9:00 a.m a 1:00 p.m;NA;7,8866967;-72,5049828;0
CÚCUTA;CENABASTOS;AVE, LIBERTADORES No. 19-24;7;5748963;NA;NA;NA;NA;8:00 a.m a 11:30 a.m - 2:00 p.m a  4:30 p.m;NA;NA;NA;7,9178136;-72,4930308;1
CÚCUTA;CUCUTA;CALLE 11 No. 4-26 PISO 2 CENTRO COMERCIAL PLAZA;7;5748960;NA;NA;NA;NA;8:00 a.m a 11:30 a.m - 2:00 p.m a  4:30 p.m;NA;NA;NA;7,8878237;-72,4966979;10
CURUMANÍ;CURUMANI;CALLE 8 No. 16-19;5;5750156;5750157;NA;NA;NA;8:00 a.m a 11:30 a.m - 2:00 p.m a  4:30 p.m;NA;NA;NA;9,2006539;-73,5435055;1
DUITAMA;DUITAMA;CARRERA 15 No. 15-75 LOCAL 101;8;7610278;7600127;NA;NA;NA;8:00 a.m a 11:30 a.m - 2:00 p.m a  4:30 p.m;5:30 p.m a 7:00 p.m;9:00 a.m a 1:00 p.m;150461;5,828284;-73,033875;0
EL BANCO;EL BANCO;CALLE 7A No. 2A- 29;5;4291154;4291149;4292690;NA;NA;8:00 a.m a 11:30 a.m - 2:00 p.m a  4:30 p.m;NA;NA;NA;8,9921292;-73,970661;0
ENVIGADO;AVENIDA LAS VEGAS;CARRERA 48 NO. 32B SUR – 30 LOCAL 101 EDIF. NOVA;4;5400527;NA;NA;NA;NA;8:00 a.m a 11:30 a.m - 2:00 p.m a  4:30 p.m;NA;NA;NA;6,1767358;-75,5900013;0
ENVIGADO;ENVIGADO;CARRERA 42 No. 36 SUR-38;4;5402681;NA;NA;NA;NA;8:00 a.m a 11:30 a.m - 2:00 p.m a  4:30 p.m;NA;NA;NA;6,1706617;-75,5867522;4
ESPINAL;ESPINAL;CARRERA 5 No. 8-80;8;2487143;2487199;NA;NA;NA;8:00 a.m a 11:30 a.m - 2:00 p.m a  4:30 p.m;NA;NA;NA;4,1520683;-74,8844195;0
FACATATIVA;FACATATIVA;CARRERA 2 No. 7-165;1;8425130;8422856;8427349;8423731;NA;9:00 a.m a 4:00 p.m;5:30 p.m a 7:00 p.m;10:00 a.m a 2:00 p.m;NA;4,811176;-74,356476;0
FLORENCIA;CAMARA DE COMERCIO;CL 17 No 8-72 BARRIO SIETE DE AGOSTO;8;4349053;4356906;4341767;NA;NA;8:00 a.m a 11:30 a.m - 2:00 p.m a  4:30 p.m;NA;NA;NA;1,6138731;-75,6121984;0
FLORENCIA;FLORENCIA;CALLE 14 No. 11-53;8;4358244;4358439;NA;NA;NA;8:00 a.m a 11:30 a.m - 2:00 p.m a  4:30 p.m;NA;NA;NA;1,6145788;-75,6131157;0
FLORIDABLANCA;CAÑAVERAL;CARRERA 25 NO. 29-87 LOCAL 14/16;7;6855020;NA;NA;NA;NA;8:00 a.m a 11:30 a.m - 2:00 p.m a  4:30 p.m;NA;NA;NA;7,0703111;-73,107457;1
FLORIDABLANCA;PARQUE NATURA;ECOPARQUE EMPRESARIAL NATURA LOCAL 15 KILOMETRO 2176 ANILLO VIAL FLORIDABLANCA GIRÓN;7;6855015;NA;NA;NA;NA;8:00 a.m a 11:30 a.m - 2:00 p.m a  4:30 p.m;NA;NA;NA;7,0616375;-73,1156032;0
FONSECA;FONSECA;CALLE 13 No. 15-57;5;7756248;7765343;NA;NA;NA;8:00 a.m a 11:30 a.m - 2:00 p.m a  4:30 p.m;NA;NA;NA;10,8895407;-72,8486589;1
FUNDACION;FUNDACION;CALLE 6 Nº 7A - 64;5;4140426;4141499;NA;NA;NA;8:00 a.m a 11:30 a.m - 2:00 p.m a  4:30 p.m;NA;NA;NA;3,4516467;-76,5319854;0
FUSAGASUGA;FUSAGASUGA;CALLE 7 No. 6-55 PARQUE PRINCIPAL;1;8671715;8672592;8672368;NA;NA;9:00 a.m a 4:00 p.m;NA;NA;NA;4,3433887;-74,3620244;1
FUNZA;FUNZA;CALLE 13 No. 15-97;1;8266081;8266379;NA;NA;NA;9:00 a.m a 4:00 p.m;NA;NA;NA;4,7176228;-74,2134135;0
GARZÓN;GARZON;CARRERA 10 Nº 7-26;8;8333700;8333604;8332829;NA;NA;8:00 a.m a 11:30 a.m - 2:00 p.m a  4:30 p.m;NA;NA;NA;2,1972798;-75,6280143;0
GIRARDOT;GIRARDOT;CARRERA 10 CALLE 17 ESQUINA;1;8332121;8334223;NA;NA;NA;8:00 a.m a 11:30 a.m - 2:00 p.m a  4:30 p.m;"5:30 p.m a 8:00 p.m
Fin de mes 5:00 p.m a 7:00 p.m";9:00 a.m a 1:00 p.m;NA;4,2957857;-74,8064195;0
GRANADA;GRANADA;CARRERA 14 No. 15-20 - GRANADA - META;8;6580253;6586470;NA;NA;NA;8:00 a.m a 11:30 a.m - 2:00 p.m a  4:30 p.m;NA;NA;NA;3,5409746;-73,7072913;0
IBAGUE;AMBALA;CALLE 11 Nº 4-44;8;2739813;NA;NA;NA;NA;8:00 a.m a 11:30 a.m - 2:00 p.m a  4:30 p.m;NA;NA;NA;4,444676;-75,242438;2
IBAGUE;IBAGUE;CALLE 13 No. 2-38;8;2739815;NA;NA;NA;NA;8:00 a.m a 11:30 a.m - 2:00 p.m a  4:30 p.m;NA;9:00 a.m a 1:00 p.m;NA;4,442469;-75,2402796;2
IBAGUE;PARQUE MURILLO;CALLE 11 No. 3A-08;8;2739412;NA;NA;NA;NA;8:00 a.m a 11:30 a.m - 2:00 p.m a  4:30 p.m;NA;9:00 a.m a 1:00 p.m;NA;4,4446387;-75,2412891;2
IBAGUE;SAN SIMON;CARRERA 5 No. 32-40;8;2739411;NA;NA;NA;NA;8:00 a.m a 11:30 a.m - 2:00 p.m a  4:30 p.m;NA;NA;NA;4,4388783;-75,2195042;0
IPIALES;IPIALES;CARRERA 7 No. 14-60;2;7732887;7734992;7734997;7733620;NA;8:00 a.m a 11:30 a.m - 2:00 p.m a  4:30 p.m;NA;NA;NA;0,8254016;-77,6402304;1
ITAGUÍ;Agencia CAPRICENTRO;CALLE 72 No. 42-33;4;5402535;NA;NA;NA;NA;8:00 a.m a 11:30 a.m - 2:00 p.m a  4:30 p.m;4:00 p.m a 6:00 p.m (Recaudo Impuestos);NA;NA;6,1788035;-75,5929122;0
ITAGUÍ;CENTRAL DE ABASTOS;CALLE 83A No. 47-80;4;5402538;NA;NA;NA;NA;8:00 a.m a 11:30 a.m - 2:00 p.m a  4:30 p.m;NA;NA;NA;3,4516467;-76,5319854;0
ITAGUÍ;ITAGUI;CALLE 50 No. 50-81;4;5402685;NA;NA;NA;NA;8:00 a.m a 11:30 a.m - 2:00 p.m a  4:30 p.m;NA;NA;NA;6,1724856;-75,6099313;1
ITAGUÍ;CENTRO COMERCIAL PLATINO;CARRERA 52D No. 76 - 67 Local 1161;4;5400520;NA;NA;NA;NA;8:00 a.m a 11:30 a.m - 2:00 p.m a  4:30 p.m;NA;NA;NA;6,1873428;-75,5974727;0
JAMUNDÍ;JAMUNDÍ;CARRERA 10 No. 9 - 02;2;6440242;NA;NA;NA;NA;8:00 a.m a 11:30 a.m - 2:00 p.m a  4:30 p.m;NA;NA;NA;3,2606873;-76,5414494;1
LA CEJA;LA CEJA;CALLE 20 No. 20-44;4;5402688;NA;NA;NA;NA;8:00 a.m a 11:30 a.m - 2:00 p.m a  4:30 p.m;NA;NA;NA;6,031041;-75,43262;1
LA LOMA;AGENCIA LA LOMA;CORREGIMIENTO LA LOMA DE CALENTURAS - MUNICIPIO EL PASO CARRERA 11 No. 10 - 47;5;5533427;NA;NA;NA;NA;8:00 a.m a 11:30 a.m - 2:00 p.m a  4:30 p.m;NA;NA;NA;9,659009;-73,745973;0
LA DORADA;LA DORADA;CARRERA 2 No. 13-31;6;8572652;8572287;8578090;NA;NA;8:00 a.m a 11:30 a.m - 2:00 p.m a  4:30 p.m;NA;NA;NA;5,45288;-74,662391;0
LA UNIÓN;EXTENSIÓN OFICINA LA UNIÓN;CARRERA 15 Nro. 22-28 BARRIO SAN PEDRO - LA UNIÓN VALLE.;2;2023186;2023198;NA;NA;NA;8:00 a.m a 11:30 a.m - 2:00 p.m a  4:30 p.m;NA;NA;760044;3,4443193;-76,5204275;0
LETICIA;LETICIA;CALLE 7 No. 10-12;8;5928120;5924975;5924977;NA;NA;8:00 a.m a 11:30 a.m - 2:00 p.m a  4:30 p.m;NA;NA;NA;-4,2165728;-69,9416208;0
LORICA;LORICA;CARRERA . 17 No. 1BIS-05 PLA- CONCORDIA;4;7735411;7736444;7737028;NA;NA;8:00 a.m a 11:30 a.m - 2:00 p.m a  4:30 p.m;NA;NA;NA;9,2376398;-75,8136245;4
MAGANGUE;MAGANGUE;CARRERA 2 No. 11-39;5;6875613;6877413;NA;NA;NA;8:00 a.m a 11:30 a.m - 2:00 p.m a  4:30 p.m;NA;NA;132512;9,2301658;-74,7433667;0
MAICAO;MAICAO;CARRERA 9 No. 13-19 LOCAL 1/2/3/4;5;7261200;7267285;NA;NA;NA;8:00 a.m a 11:30 a.m - 2:00 p.m a  4:30 p.m;NA;NA;NA;11,3789335;-72,2485171;0
MANIZALES;BANCA PERSONAL MANIZALES;EDIF. MÉDICO AV. SANTANDER CARRERA 23 CALLE 66 PISO 14 UNIDAD T-1401;6;8982346;NA;NA;NA;NA;8:00 a.m a 11:30 a.m - 2:00 p.m a  4:30 p.m;NA;NA;NA;5,0613672;-75,4916808;6
MANIZALES;CABLE PLAZA;CARRERA 23 No. 64B-33 LOCAL 9 -10;6;8982344;NA;NA;NA;NA;8:00 a.m a 11:30 a.m - 2:00 p.m a  4:30 p.m;5:30 p.m a 7:00 p.m;9:00 a.m a 1:00 p.m;NA;5,0566192;-75,4861754;0
MANIZALES;MANIZALES;CALLE 22 No. 20-52;6;8982341;NA;NA;NA;NA;8:00 a.m a 11:30 a.m - 2:00 p.m a  4:30 p.m;NA;NA;NA;5,0686158;-75,5178524;0
MANIZALES;MANIZALES CENTRO;CARRERA 22 No. 21-05;6;8982340;NA;NA;NA;NA;8:00 a.m a 11:30 a.m - 2:00 p.m a  4:30 p.m;NA;NA;NA;5,0677596;-75,5182381;0
MANIZALES;ROSALES;CARRERA 23 No. 54-44;6;8982343;NA;NA;NA;NA;8:00 a.m a 11:30 a.m - 2:00 p.m a  4:30 p.m;NA;NA;NA;5,0621602;-75,4942783;6
MANIZALES;SANCANCIO;CARRERA 27 A 66-30 LOCAL 811-12 C.SAN CANCIO;6;8982342;NA;NA;NA;NA;8:00 a.m a 11:30 a.m - 2:00 p.m a  4:30 p.m;NA;NA;NA;5,0535426;-75,4897733;0
MANIZALES;FUNDADORES;CALLE 33 B No. 20 - 03;6;8982345;NA;NA;NA;NA;8:00 a.m a 11:30 a.m - 2:00 p.m a  4:30 p.m;5:30 p.m a 7:00 p.m;09:00 a.m. a 01:00 p.m.;NA;5,0693791;-75,5095354;0
MARIQUITA;MARIQUITA;Calle 7 No. 3ª-24 L 4;8;2524050;2524156;2524770;NA;NA;8:00 a.m a 11:30 a.m - 2:00 p.m a  4:30 p.m;NA;NA;732020;5,1987043;-74,8920554;0
MEDELLÍN;AGENCIA OVIEDO;CALLE 6 SUR No. 43A - 227 LOCAL 1359;4;5400307;NA;NA;NA;NA;8:00 a.m a 11:30 a.m - 2:00 p.m a  4:30 p.m;NA;NA;50022;6,2002739;-75,5758628;0
MEDELLÍN;AVENIDA LA PLAYA;CALLE 52 No. 45-30 PISO 1;4;5402531;NA;NA;NA;NA;8:00 a.m a 11:30 a.m - 2:00 p.m a  4:30 p.m;NA;NA;Colombia;6,2490772;-75,5636901;0
MEDELLÍN;BELEN;CALLE 31 No. 75-50;4;5402532;NA;NA;NA;NA;8:00 a.m a 11:30 a.m - 2:00 p.m a  4:30 p.m;NA;NA;50030;6,232858;-75,5958422;3
MEDELLÍN;CARRERA 70;CARRERA 70 CIRCULAR No. 4-24;4;5402536;NA;NA;NA;NA;8:00 a.m a 11:30 a.m - 2:00 p.m a  4:30 p.m;NA;NA;50031;6,2465321;-75,5894506;0
MEDELLÍN;CARRERA OCHENTA;CALLE 37 No. 80B - 49;4;5402537;NA;NA;NA;NA;8:00 a.m a 11:30 a.m - 2:00 p.m a  4:30 p.m;NA;NA;NA;6,2450485;-75,6025461;9
MEDELLÍN;CENTRO EMPRESARIAL OLAYA HERREA;CARRERA 52 No. 14 – 30 LOCAL 169 EDIFICIO OLAYA HERRERA;4;5400523;NA;NA;NA;NA;8:00 a.m a 11:30 a.m - 2:00 p.m a  4:30 p.m;NA;NA;NA;6,2188877;-75,5800527;0
MEDELLÍN;CENTRO FINANCIERO BBVA;CALLE 7 No. 39-215 LOCAL 105;4;5400300;NA;NA;NA;NA;8:00 a.m a 11:30 a.m - 2:00 p.m a  4:30 p.m;NA;NA;NA;3,4265677;-76,5457382;0
MEDELLÍN;CIUDAD DEL RÍO;CARRERA 48 No. 20-54 TORRE C1 LOCAL102;4;5400521;NA;NA;NA;NA;8:00 a.m a 11:30 a.m - 2:00 p.m a  4:30 p.m;NA;NA;50021;6,2232501;-75,5750018;0
MEDELLÍN;COLTEJER;CALLE 52 No. 47-42 LOCAL 215;4;5402539;NA;NA;NA;NA;8:00 a.m a 11:30 a.m - 2:00 p.m a  4:30 p.m;NA;NA;50012;6,2500271;-75,5681333;7
MEDELLÍN;EL ESTADIO;CARRERA 74 NO. 49B – 05;4;5400526;NA;NA;NA;NA;8:00 a.m a 11:30 a.m - 2:00 p.m a  4:30 p.m;NA;NA;NA;6,2599208;-75,5902921;0
MEDELLÍN;EL POBLADO;CARRERA 43A No. 1 SUR-27;4;5400302;NA;NA;NA;NA;8:00 a.m a 11:30 a.m - 2:00 p.m a  4:30 p.m;NA;NA;NA;6,203409;-75,571892;0
MEDELLÍN;EL TESORO;CARRERA 25A No. 1A SUR 45 CENTRO COMERCIAL TESORO LOCAL 3290;4;5402680;NA;NA;NA;NA;8:00 a.m a 11:30 a.m - 2:00 p.m a  4:30 p.m;NA;NA;50022;6,1975427;-75,5588351;1
MEDELLÍN;EXITO;CALLE 49B No. 64C- 61;4;5402682;NA;NA;NA;NA;8:00 a.m a 11:30 a.m - 2:00 p.m a  4:30 p.m;NA;NA;50034;6,2549803;-75,57977;0
MEDELLÍN;FADEGAN AUTOPISTA NORTE;CARRERA 64C No. 67-392;4;5402683;NA;NA;NA;NA;8:00 a.m a 11:30 a.m - 2:00 p.m a  4:30 p.m;NA;NA;50034;6,2684934;-75,5736806;0
MEDELLÍN;MINIBANCO FISCALÍA MEDELLÍN;CARRERA 64C No. 67-300;4;4806603;NA;NA;NA;NA;8:00 a.m a 11:30 a.m - 2:00 p.m a  4:30 p.m;NA;NA;50034;6,2684934;-75,5736806;0
MEDELLÍN;GUAYAQUIL;CARRERA 54 No. 45 A - 1;4;5402684;NA;NA;NA;NA;8:00 a.m a 11:30 a.m - 2:00 p.m a  4:30 p.m;NA;NA;50015;6,2474904;-75,5729163;0
MEDELLÍN;Agencia LA ALPUJARRA;CALLE 41 No. 52-57;4;5402686;NA;NA;NA;NA;8:00 a.m a 11:30 a.m - 2:00 p.m a  4:30 p.m;NA;NA;NA;6,242401;-75,5728679;11
MEDELLÍN;LA AMERICA;CARRERA 78 No. 43-05 LOCAL 123;4;5402687;NA;NA;NA;NA;8:00 a.m a 11:30 a.m - 2:00 p.m a  4:30 p.m;NA;NA;NA;6,2086176;-75,5662675;0
MEDELLÍN;LAURELES;CIRCULAR 73A No. 34A-96 LOCAL 101;4;5402689;NA;NA;NA;NA;8:00 a.m a 11:30 a.m - 2:00 p.m a  4:30 p.m;NA;NA;NA;6,246799;-75,589136;0
MEDELLÍN;LOS MOLINOS;CARRERA 82 No.30A-24 LO- 2061/2063;4;5403200;NA;NA;NA;NA;8:00 a.m a 11:30 a.m - 2:00 p.m a  4:30 p.m;NA;NA;50026;6,2323647;-75,6034057;0
MEDELLÍN;MALL LA FRONTERA;CARRERA 43A No. 18 SUR - 140 LOCAL 105;4;5400528;NA;NA;NA;NA;8:00 a.m a 11:30 a.m - 2:00 p.m a  4:30 p.m;NA;NA;NA;6,1857011;-75,5784996;1
MEDELLÍN;MEDELLIN;Calle 50 no. 51-28;4;5400301;NA;NA;NA;NA;8:00 a.m a 11:30 a.m - 2:00 p.m a  4:30 p.m;NA;NA;50010;6,249912;-75,5688218;7
MEDELLÍN;PREMIUM PLAZA;CARRERA 43A No. 30-29 LOCAL 1184;4;5403202;NA;NA;NA;NA;8:00 a.m a 11:30 a.m - 2:00 p.m a  4:30 p.m;5:30 p.m a 7:00 p.m;9:00 a.m a 1:00 p.m;NA;6,2296075;-75,5700429;0
MEDELLÍN;TERMINAL DEL SUR;CALLE 8B No.65-237 CENTRO COMERCIAL PTO SECO;4;5403208;NA;NA;NA;NA;8:00 a.m a 11:30 a.m - 2:00 p.m a  4:30 p.m;NA;NA;NA;6,2154618;-75,5882845;0
MEDELLÍN;SAN DIEGO;CALLE 34 No. 43-66 LOCAL 1572;4;5403205;NA;NA;NA;NA;8:00 a.m a 11:30 a.m - 2:00 p.m a  4:30 p.m;NA;NA;L4W 4N5;6,2348959;-75,5695715;11
MEDELLÍN;SANTAFE MEDELLIN;CARRERA 43A No.7 SUR-170 LOCAL 39A;4;5403206;NA;NA;NA;NA;8:00 a.m a 11:30 a.m - 2:00 p.m a  4:30 p.m;05:30 p.m. a 07:00 p.m.;9:00 a.m a 1:00 p.m;50021;6,2072437;-75,5711392;0
MEDELLÍN;UNICENTRO MEDELLIN;CARRERA 66B No. 34A-76 LOCAL 046-0 48;4;5403209;NA;NA;NA;NA;8:00 a.m a 11:30 a.m - 2:00 p.m a  4:30 p.m;5:30 p.m a 7:00 p.m;9:00 a.m a 1:00 p.m;50030;6,2412323;-75,5876453;0
MEDELLÍN;BANCA PERSONAL MEDELLÍN;CALLE 7 No. 39-215 LOCAL 101 EDIFICIO CENTRO FINANCIERO BBVA, EL POBLADO;4;5400305;NA;NA;NA;NA;8:00 a.m a 11:30 a.m - 2:00 p.m a  4:30 p.m;NA;NA;50021;6,206333;-75,571242;0
MEDELLÍN;CALASANZ;CARRERA 80 No. 49F - 13;4;5402534;NA;NA;NA;NA;8:00 a.m a 11:30 a.m - 2:00 p.m a  4:30 p.m;NA;NA;NA;6,2613753;-75,5973704;4
MEDELLÍN;GRAN VÍA;DIAGONAL 75B No. 6 – 105 locales 139,141 y 143;4;5400522;NA;NA;NA;NA;8:00 a.m a 11:30 a.m - 2:00 p.m a  4:30 p.m;NA;NA;50025;6,2176673;-75,5987632;0
MELGAR;AGENCIA TOLEMAIDA;CENTRO COMERCIAL ZULIA - FINCA TOLEMAIDA - MUNICIPIO NILO;1;2455000;NA;NA;NA;NA;Lunes a viernes de 8:30 a.m. a 3:30 p.m. (jornada continua);NA;Sábado de 9 a.m. a 1 p.m.;NA;10,2910237;-72,1416132;0
MELGAR;MELGAR;CARRERA 26 No. 6-02/08;8;2455000;2450020;2450022;NA;NA;8:00 a.m a 11:30 a.m - 2:00 p.m a  4:30 p.m;NA;NA;NA;4,204033;-74,6434623;0
MADRID;MADRID;CARRERA 10 No. 7-39 Local 1.;1;8255095;8252983;NA;NA;NA;9:00 a.m a 4:00 p.m;NA;NA;NA;4,733779;-74,2627569;0
MOCOA;MOCOA;CARRERA 5 No. 7-35;8;4296028;4295510;4295509;4204412;NA;8:00 a.m a 11:30 a.m - 2:00 p.m a  4:30 p.m;NA;NA;NA;1,1457201;-76,6467066;0
MOMPÓS;MOMPOS;CARRERA 2A No. 18-02;5;6855361;6856522;NA;NA;NA;8:00 a.m a 11:30 a.m - 2:00 p.m a  4:30 p.m;NA;NA;NA;9,2409327;-74,4244027;0
MONTELIBANO;MONTELIBANO;CARRERA 5 No.17-28;4;7720655;NA;NA;NA;NA;8:00 a.m a 11:30 a.m - 2:00 p.m a  4:30 p.m;NA;NA;NA;7,9839751;-75,4214599;0
MONTERÍA;CALLE 30;CALLE 30 No. 1-11;4;7826344;7827806;7826813;NA;NA;8:00 a.m a 11:30 a.m - 2:00 p.m a  4:30 p.m;NA;NA;NA;8,758085;-75,8866314;0
MONTERÍA;RONDA DEL SINÚ;CARRERA 2 No. 39 - 61 MONTERIA;4;7812914;NA;NA;NA;NA;8:00 a.m a 11:30 a.m - 2:00 p.m a  4:30 p.m;NA;NA;NA;8,7637606;-75,8808398;0
MONTERÍA;MONTERIA;CARRERA 3 No. 31-06;4;7822352;NA;NA;NA;NA;8:00 a.m a 11:30 a.m - 2:00 p.m a  4:30 p.m;NA;NA;NA;8,7575736;-75,8850829;0
MONTERÍA;EL RECREO;CALLE 67 No. 5 - 84 Local 1;4;7812911;NA;NA;NA;NA;8:00 a.m a 11:30 a.m - 2:00 p.m a  4:30 p.m;NA;NA;NA;8,7779375;-75,8639786;0
MONTERÍA;RIO PARQUE COMERCIAL;CALLE 44 CARRERA 4 LOCALES 13 Y 14;4;7812912;NA;NA;NA;NA;8:00 a.m a 11:30 a.m - 2:00 p.m a  4:30 p.m;NA;NA;NA;8,7647964;-75,877282;0
MOSQUERA;MOSQUERA;CALLE 3 No. 1-39;1;8276981;8276983;8276982;NA;NA;9:00 a.m a 4:00 p.m;NA;NA;NA;4,7046849;-74,2294423;0
NEIVA;AVENIDA LA TOMA;CARRERA 7 No. 11-02;8;8664403;NA;NA;NA;NA;8:00 a.m a 11:30 a.m - 2:00 p.m a  4:30 p.m;NA;NA;NA;2,9304396;-75,2875487;0
NEIVA;LOS ALMENDROS;CARRERA 7 No. 9-37;8;8664404;NA;NA;NA;NA;8:00 a.m a 11:30 a.m - 2:00 p.m a  4:30 p.m;NA;NA;NA;2,9289619;-75,2872013;0
NEIVA;NEIVA;CARRERA . 5 No. 6-44 EDIF. METROPOLIT.TORRE A PISO 2;8;8664405;NA;NA;NA;NA;8:00 a.m a 11:30 a.m - 2:00 p.m a  4:30 p.m;NA;NA;NA;2,9344837;-75,2809001;3
NEIVA;RIO DEL ORO;CALLE 1G No. 4-27;8;8664402;NA;NA;NA;NA;8:00 a.m a 11:30 a.m - 2:00 p.m a  4:30 p.m;NA;NA;NA;2,9213119;-75,2875344;0
NEIVA;SAN JUAN PLAZA;CARRERA 16 No. 41 -72 LOCAL 117;8;8664406;NA;NA;NA;NA;Lunes a viernes: 9:00 a.m. a 12:30 p.m. y 02:30 p.m. a 05:00 p.m;NA;NA;NA;2,9169745;-75,2798029;0
OCAÑA;OCAÑA;CALLE 11 No. 13-03/11/15/19;7;5623598;5690715;NA;NA;NA;"Lunes a Jueves 8:00 a.m a 11:30 a.m - 2:00 p.m a  4:00 p.m.
Viernes 8:00 a.m a 11:30 a.m - 2:00 p.m a  4:30 p.m.";NA;NA;NA;8,25205;-73,3532199;0
ORITO;AGENCIA ORITO;CALLE 8 No. 10-129;8;4292293;4291162;NA;NA;NA;8:00 a.m a 11:30 a.m - 2:00 p.m a  4:30 p.m;NA;NA;NA;0,67688;-76,880163;0
PAIPA;AGENCIA PAIPA;CALLE 25 No. 19-62/64;8;7852505;7850401;NA;NA;NA;8:00 a.m a 11:30 a.m - 2:00 p.m a  4:30 p.m;NA;NA;NA;5,7792993;-73,1173801;0
PALMIRA;PALMIRA;CALLE 31 No. 29-08;2;6440033;NA;NA;NA;NA;8:00 a.m a 11:30 a.m - 2:00 p.m a  4:30 p.m;NA;NA;763531;3,5280706;-76,2996918;0
PALMIRA;BBVA UNICENTRO PALMIRA;Carrera 40 42-26 local 201;2;6440034;NA;NA;NA;NA;8:00 a.m a 11:30 a.m - 2:00 p.m a  4:30 p.m;NA;NA;763533;3,528284;-76,3101585;0
PAMPLONA;PAMPLONA;CARRERA 6 No. 5-71;7;5682809;5682844;NA;NA;NA;8:00 a.m a 11:30 a.m - 2:00 p.m a  4:30 p.m;5:30 p.m a 7:00 p.m;9:00 a.m a 1:00 p.m;NA;7,3770248;-72,6472361;0
PASTO;PARQUE NARIÑO;CARRERA 25 No. 20 - 45 LOCAL 102;2;7244329;NA;NA;NA;NA;8:00 a.m a 11:30 a.m - 2:00 p.m a  4:30 p.m;NA;NA;NA;1,2149523;-77,2761523;0
PASTO;PASTO;CALLE 19 No. 21A- 21 COMPLEJO BANCARIO;2;7244330;NA;NA;NA;NA;8:00 a.m a 11:30 a.m - 2:00 p.m a  4:30 p.m;NA;NA;520006;1,199332;-77,263067;0
PASTO;UNICENTRO PASTO;CALLE 11 UNICENTRO LOCAL 247-248 PASTO;2;7244328;NA;NA;NA;NA;8:00 a.m a 11:30 a.m - 2:00 p.m a  4:30 p.m;5:30 p.m a 7:00 p.m;9:00 a.m a 1:00 p.m;NA;1,2165533;-77,2885758;0
PASTO;CENTRO COMERCIAL ÚNICO;CALLE 22 No 6-61 LOCAL B2;2;27244331;NA;NA;NA;NA;8:00 a.m a 11:30 a.m - 2:00 p.m a  4:30 p.m;NA;NA;11201;1,2057884;-77,2592206;0
PAZ DE ARIPORO;PAZ DE ARIPORO;CALLE 9 No. 10-40 PARQUE LOS LIBERTADORES;8;6373520;6373523;NA;NA;NA;8:00 a.m a 11:30 a.m - 2:00 p.m a  4:30 p.m;NA;NA;NA;5,8812486;-71,8949443;0
PEREIRA;AVENIDA 30 DE AGOSTO;AVENIDA 30 DE AGOSTO No. 36-60;6;3515152;NA;NA;NA;NA;8:00 a.m a 11:30 a.m - 2:00 p.m a  4:30 p.m;NA;NA;NA;4,8125617;-75,7093218;0
PEREIRA;BBVA UNICENTRO PEREIRA;AVENIDA 30 DE AGOSTO No. 75 – 51 LOCALES B-58 y B-59;6;3515159;NA;NA;NA;NA;8:00 a.m a 11:30 a.m - 2:00 p.m a  4:30 p.m;NA;NA;NA;4,808995;-75,742883;0
PEREIRA;BULEVARES;CARRERA 15 No. 14-05 LOCAL 25 CENTRO COMERCIAL PINARES PLAZA;6;3515153;NA;NA;NA;NA;8:00 a.m a 11:30 a.m - 2:00 p.m a  4:30 p.m;NA;NA;NA;4,8070592;-75,6837831;0
PEREIRA;DOS QUEBRADAS;CARRERA 16 No. 32-56 LOCAL 16 CENTRO COMERCIAL LOS MOLINOS;6;3515171;NA;NA;NA;NA;8:00 a.m a 11:30 a.m - 2:00 p.m a  4:30 p.m;NA;NA;NA;4,8075969;-75,6891837;2
PEREIRA;LAGO URIBE;CALLE 24 No. 7-17 LOCAL 101;6;3515154;NA;NA;NA;NA;8:00 a.m a 11:30 a.m - 2:00 p.m a  4:30 p.m;NA;NA;NA;4,814003;-75,69851;0
PEREIRA;PEREIRA;CARRERA 7 No. 19-68;6;3515156;NA;NA;NA;NA;8:00 a.m a 11:30 a.m - 2:00 p.m a  4:30 p.m;5:30 p.m a 7:00 p.m;9:00 a.m a 1:00 p.m;NA;4,8148901;-75,6946846;0
PEREIRA;PINARES;CARRERA 13 No.2-24;6;3515155;NA;NA;NA;NA;8:00 a.m a 11:30 a.m - 2:00 p.m a  4:30 p.m;NA;NA;NA;4,8082377;-75,6806655;0
PEREIRA;Agencia VICTORIA PLAZA;CARRERA 11B No. 17 - 20 Locales 2, 3 y 7;6;3515158;NA;NA;NA;NA;8:00 a.m a 11:30 a.m - 2:00 p.m a  4:30 p.m;NA;NA;NA;4,8110671;-75,6931176;0
PEREIRA;BANCA PERSONAL PEREIRA;AVENIDA CIRCUNVALAR No. 5-20 Of. 805 - 806;6;3515160;NA;NA;NA;NA;8:00 a.m a 11:30 a.m - 2:00 p.m a  4:30 p.m;NA;NA;660003;4,8069386;-75,6835056;0
PIEDECUESTA;PIEDECUESTA;CARRERA 15 No. 10N - 65 Locales: 6, 7, 8 y 9;7;6855029;NA;NA;NA;NA;8:00 a.m a 11:30 a.m - 2:00 p.m a  4:30 p.m;NA;NA;Colombia;7,0034585;-73,0548277;0
PIEDECUESTA;EXTENSIÓN DE OFICINA RUITOQUE;CONDOMINIO RUITOQUE ZONA COMERCIAL ALDEA - LOCAL 24;7;6854671;NA;NA;NA;NA;9:30 a.m. a 1:00 p.m. y de  3:00 p.m a 6:30 p.m;NA;NA;NA;7,0235157;-73,0826526;0
PITALITO;PITALITO;CARRERA 4 No. 5-56;8;8362900;8362901;8369225;NA;NA;8:00 a.m a 11:30 a.m - 2:00 p.m a  4:30 p.m;NA;NA;NA;1,8519663;-76,0458469;0
PLANETA RICA;PLANETA RICA;CALLE 20 No. 9-38;4;7767589;7767076;7767161;NA;NA;8:00 a.m a 11:30 a.m - 2:00 p.m a  4:30 p.m;NA;NA;NA;8,4126946;-75,5840285;2
PLATO;PLATO;CALLE 6 No. 15-102;5;4850667;4850477;NA;NA;NA;8:00 a.m a 11:30 a.m - 2:00 p.m a  4:30 p.m;NA;NA;475030;9,7878328;-74,7849541;2
POPAYÁN;POPAYAN;CARRERA 7 No. 5-36;2;8243522;NA;NA;NA;NA;8:00 a.m a 11:30 a.m - 2:00 p.m a  4:30 p.m;NA;NA;NA;2,4412917;-76,6070116;0
POPAYÁN;RIO MOLINO;CARRERA 8 No. 2-03;8;8242619;8223330;8240747;8244779;8242623;8:00 a.m a 11:30 a.m - 2:00 p.m a  4:30 p.m;5:30 p.m a 7:00 p.m;9:00 a.m a 1:00 p.m;NA;2,4441261;-76,6069411;0
POPAYÁN;AVENIDA PANAMERICANA;CARRERA 9 No. 15N – 18.;2;8331300;NA;NA;NA;NA;8:00 a.m a 11:30 a.m - 2:00 p.m a  4:30 p.m;NA;NA;NA;2,4453671;-76,6074719;0
PUERTO ASIS;PUERTO ASIS;CALLE 11 No. 19-20;8;4227771;4229263;NA;NA;NA;8:00 a.m a 11:30 a.m - 2:00 p.m a  4:30 p.m;NA;NA;NA;0,4965287;-76,5034414;0
PUERTO BERRIO;PUERTO BERRIO;CALLE 7 No. 4-40;4;8332443;8335057;8334402;8333748;NA;8:00 a.m a 11:30 a.m - 2:00 p.m a  4:30 p.m;NA;NA;NA;6,477755;-74,4088;1
PUERTO BOYACA;PUERTO BOYACA;CARRERA 3 No. 11-85;8;7383060;7384591;7383265;NA;NA;8:00 a.m a 11:30 a.m - 2:00 p.m a  4:30 p.m;NA;NA;NA;5,977237;-74,593395;2
PUERTO CARREÑO;PUERTO CARREÑO;AVENIDA ORINOCO No. 6-19;8;5654808;5654475;5654344;NA;NA;8:00 a.m a 11:30 a.m - 2:00 p.m a  4:30 p.m;NA;NA;NA;6,18421;-67,481344;0
PUERTO GAITÁN;PUERTO GAITÁN;CARRERA 13 No. 9-18;8;6460084;6460358;NA;NA;NA;8:00 a.m a 11:30 a.m - 2:00 p.m a  4:30 p.m;NA;NA;NA;4,3109543;-72,0795269;0
PUERTO LOPEZ;PUERTO LOPEZ;CARRERA 4 No. 5-04;8;6450085;6450409;NA;NA;NA;8:00 a.m a 11:30 a.m - 2:00 p.m a  4:30 p.m;NA;NA;NA;4,0846932;-72,9529428;0
QUIBDÓ;QUIBDO;CARRERA 2 NO 24-08;4;6708382;6711707;NA;NA;NA;8:00 a.m a 11:30 a.m - 2:00 p.m a  4:30 p.m;NA;NA;NA;5,6886225;-76,661927;0
RIOHACHA;RIOHACHA;CARRERA 6A No. 10-61;5;7271176;7285116;7285117;NA;NA;8:00 a.m a 11:30 a.m - 2:00 p.m a  4:30 p.m;NA;NA;NA;11,5384151;-72,9167838;4
RIOHACHA;RIOHACHA CENTRO;CALLE 2A No. 7-54;5;7289569;7270073;NA;NA;NA;8:00 a.m a 11:30 a.m - 2:00 p.m a  4:30 p.m;NA;NA;NA;11,5384151;-72,9167838;4
RIONEGRO;AGENCIA AEROPUERTO JOSÉ MARÍA CORDOBA;AERO- JOSE MARIA C. LOCAL 236;4;4806608;NA;NA;NA;NA;Lunes a Viernes de 8:00 a 12:30 y de 1:30 a 4:00 p.m.;NA;NA;NA;6,1707634;-75,4276201;0
RIONEGRO;RIONEGRO;CALLE 49A No. 50-59 LOCAL 114;4;5403203;NA;NA;NA;NA;8:00 a.m a 11:30 a.m - 2:00 p.m a  4:30 p.m;NA;NA;NA;6,152918;-75,374127;0
RIONEGRO;SAVANNA;CALLE 42 No. 56-39 local 101;4;5403207;NA;NA;NA;NA;8:00 a.m a 11:30 a.m - 2:00 p.m a  4:30 p.m;NA;NA;NA;6,1468992;-75,3795588;0
SABANALARGA;SABANALARGA;CARRERA 19 No. 21-47;5;8780408;8780815;780012;NA;NA;8:00 a.m a 11:30 a.m - 2:00 p.m a  4:30 p.m;NA;NA;85001;10,632545;-74,9205938;0
SABANETA;SABANETA;CALLE 69 SUR No. 43C-18;4;5403204;NA;NA;NA;NA;8:00 a.m a 11:30 a.m - 2:00 p.m a  4:30 p.m;NA;NA;NA;6,1514713;-75,6149971;0
SAHAGÚN;SAHAGUN;CARRERA 11 No. 14-24-;4;7777563;7778442;NA;NA;NA;8:00 a.m a 11:30 a.m - 2:00 p.m a  4:30 p.m;NA;NA;NA;8,946796;-75,4431059;0
SAN ANDRÉS;SAN ANDRES;AVENIDA AMERICAS No. 2-18;8;5126712;5122419;NA;NA;NA;8:00 a.m a 11:30 a.m - 2:00 p.m a  4:30 p.m;NA;NA;NA;12,5832258;-81,6957627;0
SANTA FE DE ANTIOQUIA;EXTENSIÓN DE OFICINA SANTA FE DE ANTIOQUIA;CALLE 9 No. 8-48;4;5400659;NA;NA;NA;NA;8:00 a.m a 11:30 a.m - 2:00 p.m a  4:30 p.m;NA;NA;NA;6,557179;-75,827129;2
SAN GIL;SAN GIL;CARRERA 10 No. 12-23;6;7245644;7248478;NA;NA;NA;8:00 a.m a 11:30 a.m - 2:00 p.m a  4:30 p.m;NA;NA;NA;6,5543537;-73,133655;0
SAN JOSÉ DEL GUAVIARE;SAN JOSÉ DEL GUAVIARE;CARRERA 24 CALLE 8 ESQUINA LOCAL 101h 102 y 103 TORRE SANTA CRUZ - FRENTE PARQUE PRINCIPAL;8;5840008;NA;NA;NA;NA;8:00 a.m a 11:30 a.m - 2:00 p.m a  4:30 p.m;NA;NA;NA;2,5729269;-72,644144;0
SAN MARCOS;SAN MARCOS;CALLE 15 No. 24-10;5;2954336;2954338;NA;NA;NA;8:00 a.m a 11:30 a.m - 2:00 p.m a  4:30 p.m;NA;NA;NA;8,662577;-75,128872;1
SANTA MARTA;BAHÍA;CARRERA4 No. 23-12;5;4237018;NA;NA;NA;NA;8:00 a.m a 11:30 a.m - 2:00 p.m a  4:30 p.m;NA;NA;NA;11,239327;-74,212234;6
SANTA MARTA;EL RODADERO;CARRERA 2 No. 6-38;5;4237014;NA;NA;NA;NA;8:00 a.m a 11:30 a.m - 2:00 p.m a  4:30 p.m;NA;NA;NA;11,2060689;-74,2269419;1
SANTA MARTA;PALMA REAL;CALLE 12 No. 18-122 LOCAL 13/14/15/16;5;4237015;NA;NA;NA;NA;8:00 a.m a 11:30 a.m - 2:00 p.m a  4:30 p.m;NA;NA;470001;11,2413412;-74,19451;0
SANTA MARTA;PLAZA SAN FRANCISCO;CALLE 14 No. 3-84 CENTRO;5;4237016;NA;NA;NA;NA;8:00 a.m a 11:30 a.m - 2:00 p.m a  4:30 p.m;NA;NA;470004;11,2449018;-74,2116344;0
SANTA MARTA;SANTA MARTA;CALLE 15 No. 1C - 84;5;4237017;NA;NA;NA;NA;8:00 a.m a 11:30 a.m - 2:00 p.m a  4:30 p.m;NA;NA;NA;11,244029;-74,2072041;0
SANTA ROSA DE CABAL;SANTA ROSA DE CABAL;CALLE 13 No. 14-74;6;3515165;NA;NA;NA;NA;8:00 a.m a 11:30 a.m - 2:00 p.m a  4:30 p.m;NA;NA;NA;4,865367;-75,6216944;0
SANTANDER DE QUILICHAO;SANTANDER DE QUILICHAO;CARRERA 10 No.4 - 46;2;8290970;8290779;NA;NA;NA;8:00 a.m a 11:30 a.m - 2:00 p.m a  4:30 p.m;NA;NA;NA;3,0082931;-76,482457;1
SARAVENA;SARAVENA;CARRERA 15 No. 28 - 17;7;8821199;8821710;NA;NA;NA;8:00 a.m a 11:30 a.m - 2:00 p.m a  4:30 p.m;NA;NA;815010;6,957446;-71,8767199;0
SINCELEJO;CALLE DEL COMERCIO;CARRERA 18 No. 22-57;5;2812332;NA;NA;NA;NA;8:00 a.m a 11:30 a.m - 2:00 p.m a  4:30 p.m;NA;NA;NA;9,3011193;-75,3953337;0
SINCELEJO;SINCELEJO;CARRERA 25 No. 25-199;5;2822493;2821277;NA;NA;NA;8:00 a.m a 11:30 a.m - 2:00 p.m a  4:30 p.m;NA;NA;NA;9,2979171;-75,3852369;0
SOACHA;CENTRO CIAL GRAN PLAZA SOACHA;CARRERA 7n No. 30b-139 local 220 - CENTRO COMERCIAL GRAN PLAZA SOACHA;1;3808151;NA;NA;NA;NA;9:00 a.m a 4:00 p.m;NA;NA;250054;4,5872883;-74,2057884;0
SOCORRO;SOCORRO;CARRERA 15 No. 14-29;7;7272175;7272750;7272148;NA;NA;8:00 a.m a 11:30 a.m - 2:00 p.m a  4:30 p.m;NA;NA;NA;6,4702388;-73,2619115;0
SOGAMOSO;SOGAMOSO;CALLE 11 No. 11-67;8;7707065;7705208;7706751;NA;NA;8:00 a.m a 11:30 a.m - 2:00 p.m a  4:30 p.m;5:30 p.m a 7:00 p.m;9:00 a.m a 1:00 p.m;NA;5,7149094;-72,9289424;0
SOLEDAD;SOLEDAD;CALLE 26 No. 18-20;5;3770149;NA;NA;NA;NA;8:00 a.m a 11:30 a.m - 2:00 p.m a  4:30 p.m;NA;NA;NA;10,9555253;-74,7808289;0
TAURAMENA;AGENCIA TAURAMENA;CALLE 5 No. 14-15;8;6247603;6247955;NA;NA;NA;8:00 a.m a 11:30 a.m - 2:00 p.m a  4:30 p.m;NA;NA;NA;5,0106849;-72,750495;0
TENJO;BBVA SIEMENS;AUTOPISTA MEDELLÍN Km 8.5 COSTADO SUR;1;4379516;NA;NA;NA;NA;9:00 a.m a 4:00 p.m;NA;NA;NA;4,7777953;-74,1849881;0
TOCANCIPÁ;TOCANCIPÁ;CARRERA 7 No. 7 - 10 / 14;1;8575700;8574072;NA;NA;NA;09:00 a.m. a 04:00 p.m.;NA;NA;NA;4,9637174;-73,9159927;0
TULÚA;TULUA;CARRERA 27 No. 26-28;2;2244098;2247055;2257822;NA;NA;8:00 a.m a 11:30 a.m - 2:00 p.m a  4:30 p.m;NA;NA;NA;4,0846951;-76,1961828;0
TULÚA;TULUA CENTRO;CARRERA 26 No. 27-49;2;2244373;2242517;2252420;NA;NA;8:00 a.m a 11:30 a.m - 2:00 p.m a  4:30 p.m;NA;NA;NA;4,0838459;-76,1971843;0
TUNJA;EL BOSQUE;CARRERA 11 No. 11 - 50/54;8;7435543;7400879;NA;NA;NA;8:00 a.m a 11:30 a.m - 2:00 p.m a  4:30 p.m;NA;NA;NA;5,5248419;-73,3659396;0
TUNJA;TUNJA;CARRERA 11 No. 18-41;8;7423156;7445844;7428630;NA;NA;8:00 a.m a 11:30 a.m - 2:00 p.m a  4:30 p.m;5:30 p.m a 7:00 p.m;10:00 a.m a 4:00 p.m;150001;5,5317645;-73,3634153;0
TUNJA;TUNJA AVENIDA NORTE;AVENIDA NORTE No. 47a-111;8;7436925;7426240;NA;NA;NA;8:00 a.m a 11:30 a.m - 2:00 p.m a  4:30 p.m;NA;NA;NA;5,574255;-73,3404795;0
TUQUERRES;TUQUERRES;CARRERA 14 No. 15-14 Local 2;2;7281288;7281814;7282160;NA;NA;8:00 a.m a 11:30 a.m - 2:00 p.m a  4:30 p.m;NA;NA;NA;1,085739;-77,618641;0
UBATÉ;UBATE;CALLE 8 No. 8-16;1;8890097;8890533;8553510;8553199;NA;9:00 a.m a 4:00 p.m;NA;NA;NA;5,3087146;-73,8149559;0
URRAO;URRAO;CARRERA 31 No. 29-21;4;8502666;8502162;8502667;NA;NA;8:00 a.m a 11:30 a.m - 2:00 p.m a  4:30 p.m;NA;NA;NA;6,3165532;-76,134867;0
VALLEDUPAR;AGENCIA GOBERNACIÓN DEL CESAR;CALLE 16 No. 12 - 120 GOBERNACIÓN DEL CESAR;5;5732736;NA;NA;NA;NA;8:00 a.m a 11:30 a.m - 2:00 p.m a  4:30 p.m;NA;NA;NA;10,4732071;-73,2509807;0
VALLEDUPAR;CALLE GRANDE;CALLE 16 No. 11-04;5;5732732;NA;NA;NA;NA;8:00 a.m a 11:30 a.m - 2:00 p.m a  4:30 p.m;NA;NA;NA;10,4742872;-73,2484819;0
VALLEDUPAR;CENTRO COMERCIAL MAYALES PLAZA;CALLE 31 No. 6A - 133 LOCAL 201 - 202;5;5732735;NA;NA;NA;NA;8:00 a.m a 11:30 a.m - 2:00 p.m a  4:30 p.m;NA;NA;NA;10,4564296;-73,2425447;3
VALLEDUPAR;CENTRO COMERCIAL VALLEDUPAR;CARRERA 7 A No. 19 A 117;5;5732734;NA;NA;NA;NA;8:00 a.m a 11:30 a.m - 2:00 p.m a  4:30 p.m;NA;NA;NA;10,4706744;-73,2425203;1
VALLEDUPAR;PLAZA LOPERENA;CALLE 15 No. 14-33 LOCAL 101;5;5732731;NA;NA;NA;NA;8:00 a.m a 11:30 a.m - 2:00 p.m a  4:30 p.m;NA;NA;NA;10,4959187;-73,2691895;1
VALLEDUPAR;VALLEDUPAR;CARRERA 9 No. 15A-25;5;5732733;NA;NA;NA;NA;8:00 a.m a 11:30 a.m - 2:00 p.m a  4:30 p.m;NA;NA;NA;10,4756733;-73,2473244;1
VALLEDUPAR;UNICENTRO VALLEDUPAR;DIAGONAL 6A No. 9-41 locales 323-324 Centro Comercial Unicentro;5;5732730;NA;NA;NA;NA;9:00 a.m a 12:30 p.m - 2:00 p.m a  4:30 p.m;NA;NA;NA;10,4879319;-73,2617229;0
VILLAGARZÓN;AGENCIA VILLAGARZÓN;CARRERA 5 No. 1-53;8;4284574;4285273;NA;NA;NA;8:00 a.m a 11:30 a.m - 2:00 p.m a  4:30 p.m;NA;NA;NA;1,0301592;-76,6156247;1
VILLANUEVA;VILLANUEVA;CARRERA 8 No. 10-40;8;6236438;6241490;6241491;6236436;NA;8:00 a.m a 11:30 a.m - 2:00 p.m a  4:30 p.m;NA;NA;NA;3,4488533;-76,5326638;0
VILLAVICENCIO;CENTRO COMERCIAL UNICO VILLAVICENCIO;CARRERA 22 No. 8C - 67 Local BC4;8;6611673;NA;NA;NA;NA;8:00 a.m a 11:30 a.m - 2:00 p.m a  4:30 p.m;NA;NA;NA;4,1287734;-73,6240176;0
VILLAVICENCIO;LA ESPERANZA;AVENIDA 40 No. 35A-40;8;6611670;NA;NA;NA;NA;8:00 a.m a 11:30 a.m - 2:00 p.m a  4:30 p.m;NA;NA;NA;4,1404228;-73,6348683;0
VILLAVICENCIO;VILLAVICENCIO;CALLE 38 No.31-74;8;6611671;NA;NA;NA;NA;8:00 a.m a 11:30 a.m - 2:00 p.m a  4:30 p.m;NA;NA;NA;4,1514814;-73,6373983;3
VILLAVICENCIO;VILLAVICENCIO CENTRO;CARRERA 31 No. 38-18;8;6611677;NA;NA;NA;NA;8:00 a.m a 11:30 a.m - 2:00 p.m a  4:30 p.m;NA;NA;NA;4,1518971;-73,6369397;3
VILLAVICENCIO;CENTRO COMERCIAL PRIMAVERA;CALLE 15 No. 40-01 L 248-249;8;6611672;NA;NA;NA;NA;8:00 a.m a 11:30 a.m - 2:00 p.m a  4:30 p.m;NA;NA;500004;4,1320381;-73,6313507;0
VILLETA;VILLETA;CALLE 5 No. 7-86;1;8445225;8444605;NA;NA;NA;9:00 a.m a 04:00 p.m.;NA;NA;NA;5,011706;-74,470362;1
YOPAL;EXT. DE CAJA GOBERNACIÓN DE CASANARE;CARRERA 19 No. 6-100 EDIFICIO DE LA GOBERNACIÓN DE CASANARE;8;6358220;NA;NA;NA;NA;8:00 a.m a 11:30 a.m - 2:00 p.m a  4:30 p.m;NA;NA;NA;5,3487158;-72,4009209;0
YOPAL;YOPAL;CALLE 8 Nº 21-32;8;6358220;6358043;6356002;6340004;NA;8:00 a.m a 11:30 a.m - 2:00 p.m a  4:30 p.m;NA;NA;NA;5,348903;-72,400523;0
YOPAL;YOPAL UNICENTRO;CARRERA 29 No. 13-20;8;6348274;6349813;NA;NA;NA;8:00 a.m a 11:30 a.m - 2:00 p.m a  4:30 p.m;NA;NA;NA;5,3482945;-72,3915885;0
YUMBO;YUMBO;CARRERA 4 No. 6 - 17;2;6909137;6909696;6691299;NA;NA;8:00 a.m a 11:30 a.m - 2:00 p.m a  4:30 p.m;NA;NA;NA;3,5837261;-76,494637;1
ZIPAQUIRÁ;ZIPAQUIRA CENTRO;CARRERA 8 No. 2-80;1;8513396;8523071;8522766;NA;NA;9:00 a.m a 4:00 p.m;NA;NA;NA;5,022124;-74,0043332;0
